Accession ID,Location
OR357670,India / Uttar Pradesh / Noida
OR357669,India / Uttar Pradesh / Noida
OR357668,India / Uttar Pradesh / Noida
OR357667,India / Uttar Pradesh / Noida
OR357654,India / Uttar Pradesh / Noida
OR357653,India / Uttar Pradesh / Noida
OR357652,India / Uttar Pradesh / Noida
OR357651,India / Uttar Pradesh / Noida
OR357650,India / Uttar Pradesh / Noida
OR357649,India / Uttar Pradesh / Noida
OR357648,India / Uttar Pradesh / Noida
OR357647,India / Uttar Pradesh / Noida
OR357646,India / Uttar Pradesh / Noida
OR357645,India / Uttar Pradesh / Noida
OR357644,India / Uttar Pradesh / Noida
OR357643,India / Uttar Pradesh / Noida
OR357642,India / Uttar Pradesh / Noida
OR357641,India / Uttar Pradesh / Noida
OR357640,India / Uttar Pradesh / Noida
OR357639,India / Uttar Pradesh / Noida
OR357638,India / Uttar Pradesh / Noida
OR357637,India / Uttar Pradesh / Noida
OR357636,India / Uttar Pradesh / Noida
OR394059,India
MW881790,India
MZ401494,India
MZ702725,India
MZ557829,India
ON052753,India
ON063244,India / New Delhi
ON063243,India / New Delhi
ON063242,India / New Delhi
ON063241,India / New Delhi
OR130138,India
OR130091,India
OR130090,India
OR130088,India
OR130087,India
OR130086,India
OR129999,India
OR129998,India
OR122579,India
OR122578,India
OR122577,India
OR122576,India
OR122575,India
OR122574,India
OR125680,India
OR125663,India
OR016164,India
OR016163,India
OR016162,India
OR016161,India
OR016160,India
OQ918258,India / Maharashtra
OQ918257,India / Maharashtra
OQ918256,India / Maharashtra
OQ918255,India / Maharashtra
OQ872229,India
OQ872228,India
OQ872227,India
OQ872226,India
OQ872225,India
OQ872224,India
OQ872223,India
OQ852631,India
OQ852630,India
OQ852629,India
OQ852628,India
OQ852627,India
OQ852626,India
OQ852625,India
OQ852624,India
OQ852623,India
OQ852622,India
OQ852621,India
OQ852620,India
OQ852619,India
OQ852618,India
OQ852617,India
OQ852616,India
OQ852615,India
OQ852614,India
OQ852613,India
OQ852612,India
OQ852611,India
OQ852610,India
OQ852609,India
OQ852608,India
OQ852607,India
OQ852606,India
OQ852605,India
OQ852604,India
OQ852603,India
OQ852602,India
OQ852601,India
OQ852600,India
OQ852599,India
OQ852598,India
OQ852597,India
OQ852596,India
OQ852595,India
OQ852594,India
OQ852593,India
OQ852592,India
OQ852591,India
OQ852590,India
OQ852589,India
OQ852588,India
OQ852587,India
OQ852586,India
OQ852585,India
OQ852584,India
OQ852583,India
OQ852582,India
OQ852581,India
OQ852580,India
OQ852579,India
OQ852578,India
OQ852577,India
OQ852576,India
OQ852575,India
OQ852574,India
OQ852573,India
OQ852572,India
OQ852571,India
OQ852570,India
OQ852569,India
OQ852568,India
OQ852567,India
OQ852566,India
OQ852565,India
OQ852564,India
OQ852563,India
OQ852562,India
OQ852561,India
OQ852560,India
OQ852559,India
OQ852558,India
OQ852557,India
OQ852556,India
OQ852555,India
OQ852554,India
OQ852553,India
OQ852552,India
OQ852551,India
OQ852550,India
OQ852549,India
OQ852548,India
OQ852547,India
OQ852546,India
OQ852545,India
OQ852544,India
OQ852543,India
OQ852542,India
OQ852541,India
OQ852540,India
OQ852539,India
OQ852538,India
OQ852537,India
OQ852536,India
OQ852535,India
OQ852534,India
OQ852533,India
OQ852532,India
OQ852531,India
OQ852530,India
OQ852529,India
OQ852528,India
OQ852527,India
OQ852526,India
OQ852525,India
OQ852524,India
OQ852523,India
OQ852522,India
OQ852521,India
OQ852520,India
OQ852519,India
OQ852518,India
OQ852517,India
OQ852516,India
OQ852515,India
OQ852514,India
OQ852513,India
OQ852512,India
OQ852511,India
OQ852510,India
OQ852509,India
OQ852508,India
OQ852507,India
OQ852506,India
OQ852505,India
OQ852504,India
OQ852503,India
OQ852502,India
OQ852501,India
OQ852500,India
OQ852499,India
OQ852498,India
OQ852497,India
OQ852496,India
OQ859944,India
OQ859943,India
OQ859942,India
OQ859941,India
OQ859940,India
OQ859939,India
OQ859938,India
OQ859937,India
OQ859936,India
OQ859935,India
OQ859934,India
OQ859933,India
OQ859932,India
OQ859931,India
OQ859930,India
OQ704263,India
OQ701314,India
OQ701313,India
OQ701312,India
OQ701311,India
OQ701310,India
OQ701309,India
OQ701308,India
OQ701307,India
OQ701306,India
OQ701305,India
OQ701304,India
OQ701303,India
OQ701302,India
OQ701301,India
OQ701300,India
OQ701299,India
OQ701298,India
OQ701297,India
OQ701296,India
OQ701295,India
OQ701294,India
OQ701293,India
OQ701292,India
OQ701291,India
OQ701290,India
OQ701289,India
OQ701288,India
OQ701287,India
OQ701286,India
OQ701285,India
OQ701284,India
OQ701283,India
OQ701282,India
OQ701281,India
OQ701280,India
OQ701279,India
OQ701278,India
OQ701277,India
OQ701276,India
OQ701275,India
OQ701274,India
OQ701273,India
OQ701272,India
OQ701271,India
OQ701270,India
OQ701269,India
OQ701268,India
OQ701267,India
OQ701266,India
OQ701265,India
OQ701264,India
OQ701263,India
OQ701262,India
OQ701261,India
OQ701260,India
OQ701259,India
OQ701258,India
OQ701257,India
OQ701256,India
OQ701255,India
OQ701254,India
OQ701253,India
OQ701252,India
OQ701251,India
OQ701250,India
OQ701249,India
OQ701248,India
OQ701247,India
OQ701246,India
OQ701245,India
OQ701244,India
OQ701243,India
OQ701242,India
OQ701241,India
OQ701240,India
OQ701239,India
OQ701238,India
OQ701237,India
OQ701236,India
OQ701235,India
OQ701234,India
OQ701233,India
OQ701232,India
OQ701231,India
OQ701230,India
OQ701229,India
OQ701228,India
OQ701227,India
OQ701226,India
OQ701225,India
OQ701224,India
OQ701223,India
OQ701222,India
OQ652070,India
OQ652069,India
OQ652067,India
OQ652066,India
OQ652057,India
OQ652056,India
OQ652153,India
OQ652152,India
OQ652151,India
OQ652150,India
OQ652149,India
OQ587574,India
OQ587573,India
OQ587572,India
OQ587571,India
OQ587570,India
OQ587569,India
OQ587568,India
OQ587567,India
OQ587566,India
OQ587565,India
OQ587564,India
OQ587563,India
OQ587562,India
OQ587561,India
OQ587560,India
OQ587559,India
OQ587558,India
OQ587557,India
OQ587556,India
OQ587555,India
OQ587554,India
OQ587553,India
OQ587552,India
OQ587551,India
OQ587550,India
OQ587549,India
OQ587548,India
OQ587547,India
OQ587546,India
OQ587545,India
OQ587544,India
OQ587543,India
OQ587542,India
OQ587541,India
OQ587540,India
OQ587539,India
OQ587538,India
OQ587537,India
OQ587536,India
OQ587535,India
OQ587534,India
OQ587533,India
OQ587532,India
OQ587531,India
OQ587530,India
OQ587529,India
OQ587528,India
OQ587527,India
OQ587526,India
OQ587525,India
OQ587524,India
OQ587523,India
OQ587522,India
OQ587521,India
OQ587520,India
OQ587519,India
OQ587518,India
OQ587517,India
OQ569715,India
OQ569714,India
OQ569713,India
OQ569712,India
OQ569711,India
OQ569710,India
OQ569709,India
OQ569708,India
OQ569707,India
OQ569706,India
OQ569705,India
OQ569704,India
OQ569703,India
OQ569702,India
OQ569701,India
OQ569700,India
OQ569699,India
OQ569698,India
OQ569697,India
OQ569696,India
OQ569695,India
OQ569694,India
OQ569693,India
OQ569692,India
OQ569691,India
OQ569690,India
OQ569689,India
OQ569688,India
OQ569687,India
OQ288261,India / Udaipur / Rajasthan
OQ172980,India
OP801667,India / Western Uttar Pradesh
OP801666,India / Western Uttar Pradesh
OP801665,India / Western Uttar Pradesh
OP801664,India / Western Uttar Pradesh
OP801663,India / Western Uttar Pradesh
OP801662,India / Western Uttar Pradesh
OP801661,India / Western Uttar Pradesh
OP801660,India / Western Uttar Pradesh
OP801659,India / Western Uttar Pradesh
OP801658,India / Western Uttar Pradesh
OP801657,India / Western Uttar Pradesh
OP801656,India / Western Uttar Pradesh
OP801655,India / Western Uttar Pradesh
OP801654,India / Western Uttar Pradesh
OP801653,India / Western Uttar Pradesh
OP801652,India / Western Uttar Pradesh
OP801651,India / Western Uttar Pradesh
OP801650,India / Western Uttar Pradesh
OP801649,India / Western Uttar Pradesh
OP801648,India / Western Uttar Pradesh
OP801647,India / Western Uttar Pradesh
OP801646,India / Western Uttar Pradesh
OP801645,India / Western Uttar Pradesh
OP801644,India / Western Uttar Pradesh
OP801643,India / Western Uttar Pradesh
OP801642,India / Western Uttar Pradesh
OP801641,India / Western Uttar Pradesh
OP801640,India / Western Uttar Pradesh
OP801639,India / Western Uttar Pradesh
OP801638,India / Western Uttar Pradesh
OP801637,India / Western Uttar Pradesh
OP801636,India / Western Uttar Pradesh
OP801635,India / Western Uttar Pradesh
OP800428,India / Western Uttar Pradesh
OP800427,India / Western Uttar Pradesh
OP800426,India / Western Uttar Pradesh
OP800425,India / Western Uttar Pradesh
OP800424,India / Western Uttar Pradesh
OP800423,India / Western Uttar Pradesh
OP800422,India / Western Uttar Pradesh
OP800421,India / Western Uttar Pradesh
OP800420,India / Western Uttar Pradesh
OP800419,India / Western Uttar Pradesh
OP800418,India / Western Uttar Pradesh
OP800417,India / Western Uttar Pradesh
OP800316,India / Western Uttar Pradesh
OP800315,India / Western Uttar Pradesh
OP800314,India / Western Uttar Pradesh
OP800313,India / Western Uttar Pradesh
OP800312,India / Western Uttar Pradesh
OP800311,India / Western Uttar Pradesh
OP800310,India / Western Uttar Pradesh
OP800309,India / Western Uttar Pradesh
OP800308,India / Western Uttar Pradesh
OP800307,India / Western Uttar Pradesh
OP800306,India / Western Uttar Pradesh
OP800305,India / Western Uttar Pradesh
OP800304,India / Western Uttar Pradesh
OP800303,India / Western Uttar Pradesh
OP800302,India / Western Uttar Pradesh
OP800226,India / Western Uttar Pradesh
OP800225,India / Western Uttar Pradesh
OP800224,India / Western Uttar Pradesh
OP800223,India / Western Uttar Pradesh
OP800222,India / Western Uttar Pradesh
OP800221,India / Western Uttar Pradesh
OP800220,India / Western Uttar Pradesh
OP800219,India / Western Uttar Pradesh
OP800218,India / Western Uttar Pradesh
OP800217,India / Western Uttar Pradesh
OP800216,India / Western Uttar Pradesh
OP800215,India / Western Uttar Pradesh
OP800214,India / Western Uttar Pradesh
OP800213,India / Western Uttar Pradesh
OP800212,India / Western Uttar Pradesh
OP800211,India / Western Uttar Pradesh
OP800210,India / Western Uttar Pradesh
OP800209,India / Western Uttar Pradesh
OP800208,India / Western Uttar Pradesh
OP800207,India / Western Uttar Pradesh
OP800206,India / Western Uttar Pradesh
OP800205,India / Western Uttar Pradesh
OP787563,India / Western Uttar Pradesh
OP787562,India / Western Uttar Pradesh
OP787561,India / Western Uttar Pradesh
OP787560,India / Western Uttar Pradesh
OP787559,India / Western Uttar Pradesh
OP787558,India / Western Uttar Pradesh
OP787557,India / Western Uttar Pradesh
OP787556,India / Western Uttar Pradesh
OP787555,India / Western Uttar Pradesh
OP787554,India / Western Uttar Pradesh
OP787553,India / Western Uttar Pradesh
OP787552,India / Western Uttar Pradesh
OP787551,India / Western Uttar Pradesh
OP787550,India / Western Uttar Pradesh
OP787549,India / Western Uttar Pradesh
OP787548,India / Western Uttar Pradesh
OP787544,India / Western Uttar Pradesh
OP787543,India / Western Uttar Pradesh
OP787542,India / Western Uttar Pradesh
OP787541,India / Western Uttar Pradesh
OP787540,India / Western Uttar Pradesh
OP787539,India / Western Uttar Pradesh
OP787538,India / Western Uttar Pradesh
OP787537,India / Western Uttar Pradesh
OP787536,India / Western Uttar Pradesh
OP787535,India / Western Uttar Pradesh
OP787534,India / Western Uttar Pradesh
OP787533,India / Western Uttar Pradesh
OP787532,India / Western Uttar Pradesh
OP787531,India / Western Uttar Pradesh
OP787530,India / Western Uttar Pradesh
OP787529,India / Uttar Pradesh
OP787487,India / Uttar Pradesh
OP787474,India / Uttar Pradesh
OP787253,India / Uttar Pradesh
OP787191,India / Uttar Pradesh
OP787122,India / Uttar Pradesh
OP781960,India / Uttar Pradesh
OP599898,India
OP599897,India
OP599896,India
OP599895,India
OP599894,India
OP599893,India
OP599892,India
OP599891,India
OP599890,India
OP599889,India
OP599888,India
OP599887,India
OP599886,India
OP599885,India
OP599884,India
OP599883,India
OP599882,India
OP599881,India
OP599880,India
OP599879,India
OP599878,India
OP599877,India
OP599876,India
OP599875,India
OP599874,India
OP599873,India
OP599872,India
OP599871,India
OP599870,India
OP599869,India
OP599868,India
OP599867,India
OP599866,India
OP599865,India
OP599864,India
OP599863,India
OP599862,India
OP599861,India
OP599860,India
OP599859,India
OP599858,India
OP599857,India
OP599856,India
OP599855,India
OP599854,India
OP599853,India
OP599852,India
OP599851,India
OP599850,India
OP599849,India
OP599848,India
OP599847,India
OP599846,India
OP599845,India
OP599844,India
OP599843,India
OP599842,India
OP599841,India
OP599840,India
OP599839,India
OP599838,India
OP599837,India
OP599836,India
OP599835,India
OP599834,India
OP599833,India
OP599832,India
OP599831,India
OP599830,India
OP599829,India
OP599828,India
OP599827,India
OP599826,India
OP599825,India
OP599824,India
OP599823,India
OP599822,India
OP599821,India
OP599820,India
OP599819,India
OP599818,India
OP599817,India
OP599816,India
OP599815,India
OP599814,India
OP599813,India
OP599812,India
OP599811,India
OP599810,India
OP599809,India
OP599808,India
OP599807,India
OP599806,India
OP599805,India
OP599804,India
OP599803,India
OP599802,India
OP599801,India
OP599800,India
OP599799,India
OP599798,India
OP599797,India
OP599796,India
OP599795,India
OP599794,India
OP599793,India
OP599792,India
OP599791,India
OP599790,India
OP599789,India
OP599788,India
OP599787,India
OP599786,India
OP599785,India
OP599784,India
OP599783,India
OP599782,India
OP599781,India
OP599780,India
OP599779,India
OP599778,India
OP599777,India
OP599776,India
OP599775,India
OP599774,India
OP599773,India
OP599772,India
OP599771,India
MZ363854,India
MZ363853,India
MZ363852,India
MZ363851,India
OP882695,India / Madhya Pradesh / Bhopal
OP882694,India / Madhya Pradesh / Bhopal
OK090988,India
OP782562,India
OP782579,India
OP782577,India
OP782575,India
OP782570,India
OP782569,India
OP782567,India
OP782566,India
OP776882,India
OP776881,India
OP776879,India
OP776878,India
OP776876,India
OP776814,India
OP776812,India
OP776809,India
OP776808,India
OP776798,India
OP776796,India
OP776794,India
OP782320,India
OP782318,India
OP782317,India
OP782315,India
OP782314,India
OP782308,India
OP782307,India
OP782306,India
OP782305,India
OP782304,India
ON644635,India
ON644733,India
ON644705,India
ON652276,India
ON651931,India
MW624437,India
ON644770,India
ON651937,India
ON644815,India
ON644686,India
ON651938,India
ON644827,India
ON651852,India
ON651825,India
ON651816,India
ON651829,India
ON651830,India
ON652082,India
ON652073,India
ON651869,India
ON651868,India
ON644657,India
ON644749,India
ON644678,India
ON644643,India
ON651842,India
ON651865,India
MZ577984,India
MZ577878,India
MZ577848,India
MZ577850,India
MZ577908,India
MZ577832,India
MZ577831,India
MZ577856,India
MZ674283,India
MZ577833,India
MZ577834,India
OM169297,India
OM169296,India
MZ577902,India
ON644645,India
ON644647,India
ON644651,India
ON644646,India
MZ674336,India
MZ577853,India
MZ577905,India
ON644648,India
MW687138,India
ON644636,India
MZ577867,India
ON644637,India
ON644638,India
MZ577869,India
MW687139,India
ON644631,India
ON644634,India
OM135270,India
MZ577921,India
ON652271,India
ON652275,India
ON652273,India
ON652277,India
MW687140,India
MW624436,India
OM135257,India
MZ577953,India
MW624439,India
ON644613,India
ON644614,India
ON652274,India
MW624438,India
OM169302,India
ON644615,India
OM169304,India
ON644617,India
ON644619,India
OM169303,India
MZ674229,India
ON644621,India
OM169307,India
ON644620,India
OM135264,India
OM169309,India
OM169310,India
ON644618,India
OM169305,India
ON644627,India
MZ674294,India
ON644622,India
ON644623,India
ON644625,India
ON644629,India
ON644628,India
ON644630,India
OM135255,India
MZ674233,India
OM169312,India
MZ674232,India
MZ577883,India
MZ674231,India
MZ674290,India
ON644695,India
ON644696,India
ON644697,India
MZ674230,India
OM135254,India
ON644694,India
ON644612,India
MZ577915,India
OM135258,India
MZ577916,India
OM135262,India
ON644670,India
ON644672,India
MZ577925,India
ON644684,India
ON644682,India
MZ674228,India
MZ674390,India
ON644689,India
MZ674285,India
ON644690,India
MZ674391,India
ON644692,India
MZ674389,India
ON644687,India
MZ674284,India
OL851816,India
MZ577996,India
ON644691,India
OK189656,India
OK189653,India
OK189647,India
MZ577849,India
OK189648,India
OK189654,India
OK189651,India
OK189652,India
OK189655,India
OK189649,India
OK189632,India
OK189634,India
OK189635,India
OK189622,India
OK189650,India
OK189636,India
OK189633,India
OK189618,India
OK189619,India
OK189621,India
OK189642,India
OK189644,India
OK189646,India
OK189639,India
OK189643,India
OK189645,India
OK189641,India
OK189611,India
OK189617,India
OK189620,India
OK189610,India
OK189612,India
OK189637,India
OK189614,India
OK189640,India
OK189616,India
OK189615,India
ON651748,India
ON651751,India
ON651824,India
ON651747,India
ON651744,India
ON651753,India
ON651837,India
ON651752,India
ON651703,India
ON651745,India
ON651836,India
ON651831,India
ON651768,India
ON651770,India
ON651832,India
ON651769,India
ON651814,India
ON651746,India
ON651766,India
ON651833,India
ON651815,India
ON651819,India
ON651821,India
ON651812,India
ON644753,India
ON644370,India
ON644726,India
ON652160,India
ON652300,India
ON644732,India
ON644757,India
ON644734,India
ON652265,India
ON652298,India
ON652302,India
ON652263,India
ON652267,India
ON652301,India
ON644730,India
ON644731,India
ON644737,India
ON652269,India
ON644377,India
ON644808,India
ON652264,India
ON644739,India
ON644741,India
ON651767,India
ON652299,India
ON644736,India
ON644738,India
ON651734,India
ON652270,India
ON644809,India
ON644803,India
ON644729,India
ON644367,India
ON644735,India
ON652268,India
ON668155,India
ON651834,India
ON651835,India
ON651813,India
ON644755,India
ON644806,India
ON644712,India
ON652256,India
ON644714,India
ON652259,India
ON644713,India
ON644715,India
ON652296,India
ON668159,India
ON652286,India
ON644717,India
ON652288,India
ON644807,India
ON652289,India
ON644364,India
ON652257,India
ON652258,India
ON652295,India
ON652262,India
ON644720,India
ON644744,India
ON644804,India
ON680919,India
ON651737,India
ON652290,India
ON644365,India
ON652255,India
ON644716,India
ON652287,India
ON680847,India
ON644721,India
ON644722,India
ON644725,India
ON652076,India
ON651741,India
ON644724,India
ON644793,India
ON668151,India
ON651739,India
ON652292,India
ON644794,India
ON652079,India
ON644802,India
ON652260,India
ON644719,India
ON652297,India
ON644796,India
ON652291,India
ON652075,India
ON652279,India
ON652225,India
ON644698,India
ON668143,India
ON652152,India
ON652261,India
ON651738,India
ON644723,India
ON644866,India
ON652226,India
ON652229,India
ON652234,India
ON644797,India
ON652228,India
ON652230,India
ON652231,India
ON680845,India
ON652232,India
ON652233,India
ON652293,India
ON644867,India
ON644795,India
ON652080,India
ON652227,India
ON651730,India
ON652281,India
ON644800,India
ON644699,India
ON644362,India
ON644799,India
ON644702,India
ON652283,India
ON644704,India
ON652157,India
ON680846,India
ON651936,India
ON644701,India
ON652158,India
ON644363,India
ON644848,India
ON652282,India
ON652159,India
ON651733,India
ON651935,India
ON644775,India
ON644707,India
ON651934,India
ON644850,India
ON644776,India
ON668131,India
ON651731,India
ON651732,India
ON644708,India
ON644849,India
ON644851,India
ON652046,India
ON651740,India
ON652049,India
ON644783,India
ON644782,India
ON652051,India
ON644709,India
ON644856,India
ON644852,India
ON652052,India
ON644857,India
ON644383,India
ON644374,India
ON652048,India
ON668133,India
ON644860,India
ON644784,India
ON644785,India
ON644786,India
ON652070,India
ON652071,India
ON644780,India
ON644858,India
ON644788,India
ON644862,India
ON644861,India
ON644789,India
ON644854,India
ON652068,India
ON644864,India
ON651866,India
ON644863,India
ON644765,India
ON651855,India
ON644831,India
ON644859,India
ON644758,India
ON644832,India
ON644830,India
ON644759,India
ON644760,India
ON644791,India
ON644371,India
ON651697,India
ON644835,India
ON651856,India
ON644837,India
MZ597836,India
ON651789,India
ON651787,India
ON644763,India
ON652072,India
ON644375,India
ON651857,India
ON644761,India
ON644836,India
ON644839,India
ON651867,India
ON680851,India
ON644834,India
ON644762,India
ON644764,India
ON651791,India
ON644372,India
ON644767,India
ON651792,India
ON644842,India
MZ577987,India
ON651793,India
ON680849,India
ON644845,India
ON644843,India
ON651930,India
ON644844,India
ON651933,India
ON644743,India
ON651790,India
ON651932,India
ON644771,India
ON644378,India
ON651846,India
ON644772,India
ON644819,India
ON644773,India
ON651759,India
ON651764,India
MZ577895,India
ON651840,India
ON651763,India
ON651754,India
ON644846,India
ON644812,India
ON651843,India
ON651755,India
MZ724413,India
ON651844,India
ON644814,India
ON651756,India
ON644813,India
ON651757,India
ON651758,India
ON651841,India
MZ724417,India
ON651760,India
ON651761,India
ON644816,India
ON644829,India
ON644820,India
ON651870,India
ON651707,India
MZ724416,India
ON651854,India
ON651871,India
ON651872,India
OM169299,India
ON644821,India
ON644823,India
ON651851,India
ON644822,India
OM169295,India
ON644825,India
ON651861,India
ON651850,India
ON644826,India
OM169300,India
MW828339,India
MW828343,India
MW828340,India
MW828349,India
MZ574052,India
MZ574054,India
MW828330,India
MZ574051,India
MZ574055,India
MZ574056,India
MZ574053,India
MW927136,India
MZ558097,India
MZ558093,India
MZ558109,India
MZ558107,India
OM169301,India
OM169306,India
OM169308,India
MZ577866,India
OM169314,India
OM169294,India
MW828325,India
MW559533.2,India
MW828336,India
OM169313,India
MW828326,India
MW828337,India
OM169311,India
ON644663,India
ON644655,India
ON644658,India
ON644659,India
ON644357,India
ON644654,India
ON644666,India
ON644661,India
ON644673,India
ON644641,India
ON644354,India
ON644650,India
ON644675,India
ON644355,India
ON644356,India
ON644668,India
ON644677,India
ON644353,India
ON644652,India
ON644653,India
ON644640,India
ON644669,India
ON644642,India
ON668157,India
ON644358,India
OL851708,India
OL989252,India
OL853501,India
OL853498,India
ON644680,India
ON644683,India
ON644359,India
ON644688,India
OL851819,India
OL851818,India
ON651749,India
ON651750,India
ON680848,India
ON651845,India
ON644746,India
ON644751,India
ON644754,India
ON644756,India
ON644747,India
ON644728,India
ON644805,India
ON651742,India
ON644366,India
ON652278,India
ON652280,India
ON644703,India
ON644801,India
ON644778,India
ON644781,India
ON644855,India
ON644787,India
OM169315,India
ON644766,India
ON644840,India
ON651762,India
ON644824,India
ON651827,India
ON651822,India
ON651826,India
ON651820,India
ON652074,India
ON652081,India
ON652078,India
ON652161,India
ON652155,India
ON652156,India
ON652047,India
ON651859,India
ON651858,India
ON651839,India
ON651704,India
ON651847,India
ON644662,India
ON651828,India
ON644665,India
ON644750,India
ON644676,India
ON644679,India
ON644674,India
ON644644,India
ON644639,India
ON651735,India
ON644710,India
ON652294,India
ON652153,India
ON644700,India
ON652285,India
ON644817,India
ON644774,India
ON652069,India
ON651849,India
ON651864,India
ON652154,India
ON652077,India
ON651811,India
ON644711,India
ON644818,India
ON651838,India
ON644660,India
ON644667,India
ON644798,India
ON644656,India
ON651823,India
ON644748,India
ON644664,India
ON652272,India
ON644671,India
ON644693,India
ON651743,India
ON651818,India
ON644681,India
ON644727,India
ON652303,India
ON644718,India
ON651736,India
ON652284,India
ON652050,India
ON644868,India
ON651860,India
ON644790,India
ON644833,India
ON651788,India
ON644828,India
ON644768,India
ON651765,India
ON644810,India
ON644811,India
ON644841,India
ON651848,India
ON651863,India
ON651853,India
OP764000,India
OP763994,India
OP763993,India
OP763992,India
OP763989,India
OP741142,India
OP741020,India
OP749963,India
OP748891,India
OP748890,India
OP748878,India
OP748868,India
OP748863,India
OP692771,India
OP604257,India
OP604256,India
OP604255,India
OP604254,India
MZ749647,India / Lucknow
OP566854,India
OL691925,India
OP553360,India
OP553359,India
OP550552,India
OP550551,India
OP550550,India
OP550549,India
OP550548,India
OP550547,India
MZ557826,India
OP430926,India / Maharashtra
OP430925,India / Maharashtra
OP430924,India / Maharashtra
OP430923,India / Maharashtra
OP430922,India / Maharashtra
OP430921,India / Maharashtra
OP430920,India / Maharashtra
OP430919,India / Maharashtra
OP430918,India / Maharashtra
OP430917,India / Maharashtra
OP430916,India / Maharashtra
OP349592,India
OP355305,India
OP355304,India
OP355303,India
OP355302,India
OP355283,India
OP320517,India
OP320516,India
OP320515,India
OP320514,India
OP320513,India
OP320512,India
OP320511,India
OP320510,India
OP320509,India
OP320508,India
OP320507,India
OP295757,India
OP295756,India
OP295755,India
OP295754,India
OP295753,India
OP295752,India
OP295751,India
OP295750,India
OP295749,India
OP295748,India
OP295747,India
OP295746,India
OP295745,India
OP295744,India
OP295743,India
OP295742,India
OP295741,India
OP295740,India
OP295739,India
OP295738,India
OP295737,India
OP295736,India
OP295735,India
OP295734,India
OP295733,India
OP295732,India
OP295731,India
OP295730,India
OP295729,India
OP295728,India
OP295727,India
OP295726,India
OP295725,India
OP295724,India
OP295723,India
OP295722,India
OP295721,India
OP295720,India
OP295719,India
OP295718,India
OP295717,India
OP295716,India
OP295715,India
OP295714,India
OP295713,India
OP295712,India
OP295711,India
OP295710,India
OP295709,India
OP295708,India
OP295707,India
OP295706,India
OP295705,India
OP295704,India
OP295703,India
OP295702,India
OP279465,India
OP279464,India
OP279463,India
OP279462,India
OP279461,India
OP279460,India
OP279459,India
OP279458,India
OP279457,India
OP279456,India
OP279455,India
OP279454,India
OP279453,India
OP279452,India
OP279451,India
OP279450,India
OP279449,India
OP279448,India
OP132964,India / Maharashtra / Mumbai
OP132963,India / Maharashtra / Mumbai
OP132962,India / Maharashtra / Mumbai
OP132961,India / Maharashtra / Mumbai
ON680920,India
ON680852,India
ON668160,India
ON668158,India
ON668156,India
ON668154,India
ON668153,India
ON668152,India
ON668150,India
ON668149,India
ON668148,India
ON668147,India
ON668146,India
ON668145,India
ON668144,India
ON668142,India
ON668141,India
ON668140,India
ON668139,India
ON668138,India
ON668137,India
ON668136,India
ON668135,India
ON668134,India
ON668132,India
ON668130,India
ON668129,India
ON668128,India
ON668127,India
ON652266,India
ON652254,India
ON652253,India
ON652252,India
ON652251,India
ON652250,India
ON652249,India
ON652248,India
ON652247,India
ON652246,India
ON652245,India
ON652244,India
ON652243,India
ON652242,India
ON652241,India
ON652240,India
ON652239,India
ON652238,India
ON652237,India
ON652236,India
ON652235,India
ON652224,India
ON652223,India
ON652222,India
ON652221,India
ON652220,India
ON652219,India
ON652218,India
ON652217,India
ON652216,India
ON652215,India
ON652214,India
ON652213,India
ON652212,India
ON652211,India
ON652210,India
ON652209,India
ON652208,India
ON652207,India
ON652206,India
ON652205,India
ON652204,India
ON652203,India
ON652202,India
ON652201,India
ON652200,India
ON652199,India
ON652198,India
ON652197,India
ON652196,India
ON652195,India
ON652194,India
ON652193,India
ON652192,India
ON652191,India
ON652190,India
ON652189,India
ON652188,India
ON652187,India
ON652186,India
ON652185,India
ON652184,India
ON652183,India
ON652182,India
ON652181,India
ON652180,India
ON652179,India
ON652178,India
ON652177,India
ON652176,India
ON652175,India
ON652174,India
ON652173,India
ON652172,India
ON652171,India
ON652170,India
ON652169,India
ON652168,India
ON652167,India
ON652166,India
ON652165,India
ON652164,India
ON652163,India
ON652162,India
ON652151,India
ON652150,India
ON652149,India
ON652148,India
ON652147,India
ON652146,India
ON652145,India
ON652144,India
ON652143,India
ON652142,India
ON652141,India
ON652140,India
ON652139,India
ON652138,India
ON652137,India
ON652136,India
ON652135,India
ON652134,India
ON652133,India
ON652132,India
ON652131,India
ON652130,India
ON652129,India
ON652128,India
ON652127,India
ON652126,India
ON652125,India
ON652124,India
ON652123,India
ON652122,India
ON652121,India
ON652120,India
ON652119,India
ON652118,India
ON652117,India
ON652116,India
ON652115,India
ON652114,India
ON652113,India
ON652112,India
ON652111,India
ON652110,India
ON652109,India
ON652108,India
ON652107,India
ON652106,India
ON652105,India
ON652104,India
ON652103,India
ON652102,India
ON652101,India
ON652100,India
ON652099,India
ON652098,India
ON652097,India
ON652096,India
ON652095,India
ON652094,India
ON652093,India
ON652092,India
ON652091,India
ON652090,India
ON652089,India
ON652088,India
ON652087,India
ON652086,India
ON652085,India
ON652084,India
ON652083,India
ON652067,India
ON652066,India
ON652065,India
ON652064,India
ON652063,India
ON652062,India
ON652061,India
ON652060,India
ON652059,India
ON652058,India
ON652057,India
ON652056,India
ON652055,India
ON652054,India
ON652053,India
ON652045,India
ON652044,India
ON652043,India
ON652042,India
ON652041,India
ON652040,India
ON652039,India
ON652038,India
ON652037,India
ON652036,India
ON652035,India
ON652034,India
ON652033,India
ON652032,India
ON652031,India
ON652030,India
ON652029,India
ON652028,India
ON652027,India
ON652026,India
ON652025,India
ON652024,India
ON652023,India
ON652022,India
ON652021,India
ON652020,India
ON652019,India
ON652018,India
ON652017,India
ON652014,India
ON652013,India
ON652012,India
ON652011,India
ON652010,India
ON652009,India
ON652008,India
ON652007,India
ON652006,India
ON652005,India
ON652004,India
ON652003,India
ON652002,India
ON652001,India
ON652000,India
ON651999,India
ON651998,India
ON651997,India
ON651996,India
ON651995,India
ON651994,India
ON651993,India
ON651992,India
ON651991,India
ON651990,India
ON651989,India
ON651988,India
ON651987,India
ON651986,India
ON651985,India
ON651984,India
ON651983,India
ON651982,India
ON651981,India
ON651980,India
ON651979,India
ON651978,India
ON651977,India
ON651976,India
ON651975,India
ON651974,India
ON651973,India
ON651972,India
ON651971,India
ON651970,India
ON651969,India
ON651968,India
ON651967,India
ON651966,India
ON651965,India
ON651964,India
ON651963,India
ON651962,India
ON651961,India
ON651960,India
ON651959,India
ON651958,India
ON651957,India
ON651956,India
ON651955,India
ON651954,India
ON651953,India
ON651952,India
ON651951,India
ON651950,India
ON651949,India
ON651948,India
ON651947,India
ON651946,India
ON651945,India
ON651944,India
ON651943,India
ON651942,India
ON651941,India
ON651940,India
ON651939,India
ON651929,India
ON651928,India
ON651927,India
ON651926,India
ON651925,India
ON651924,India
ON651923,India
ON651922,India
ON651921,India
ON651920,India
ON651919,India
ON651918,India
ON651917,India
ON651916,India
ON651915,India
ON651914,India
ON651913,India
ON651912,India
ON651911,India
ON651910,India
ON651909,India
ON651908,India
ON651907,India
ON651906,India
ON651905,India
ON651904,India
ON651903,India
ON651902,India
ON651901,India
ON651900,India
ON651899,India
ON651898,India
ON651897,India
ON651896,India
ON651895,India
ON651894,India
ON651893,India
ON651892,India
ON651891,India
ON651890,India
ON651889,India
ON651888,India
ON651887,India
ON651886,India
ON651885,India
ON651884,India
ON651883,India
ON651882,India
ON651881,India
ON651880,India
ON651879,India
ON651878,India
ON651877,India
ON651876,India
ON651875,India
ON651874,India
ON651873,India
ON651862,India
ON651817,India
ON651810,India
ON651809,India
ON651808,India
ON651807,India
ON651806,India
ON651805,India
ON651804,India
ON651803,India
ON651802,India
ON651801,India
ON651800,India
ON651799,India
ON651798,India
ON651797,India
ON651796,India
ON651795,India
ON651794,India
ON651786,India
ON651785,India
ON651784,India
ON651783,India
ON651782,India
ON651781,India
ON651780,India
ON651779,India
ON651778,India
ON651777,India
ON651776,India
ON651775,India
ON651774,India
ON651773,India
ON651772,India
ON651771,India
ON651724,India
ON651723,India
ON651722,India
ON651721,India
ON651720,India
ON651719,India
ON651718,India
ON651717,India
ON651716,India
ON651715,India
ON651714,India
ON651713,India
ON651712,India
ON651711,India
ON651710,India
ON651709,India
ON651708,India
ON651706,India
ON651705,India
ON651702,India
ON651701,India
ON651700,India
ON651699,India
ON651698,India
ON651696,India
ON651695,India
ON651694,India
ON651693,India
ON651692,India
ON651691,India
ON651690,India
ON644865,India
ON644853,India
ON644847,India
ON644838,India
ON644792,India
ON644779,India
ON644777,India
ON644769,India
ON644752,India
ON644745,India
ON644742,India
ON644740,India
ON644706,India
ON644685,India
ON644649,India
ON644633,India
ON644632,India
ON644626,India
ON644624,India
ON644616,India
ON644384,India
ON644382,India
ON644381,India
ON644380,India
ON644379,India
ON644376,India
ON644373,India
ON644369,India
ON644368,India
ON644361,India
ON644360,India
ON644352,India
ON644351,India
ON644350,India
ON626395,India
ON567094,India
ON248600,India
OM135269,India
OM135268,India
OM135267,India
OM135266,India
OM135265,India
OM135263,India
OM135261,India
OM135260,India
OM135259,India
OM135256,India
OM135253,India
MZ961350,India / Madhya Pradesh / Jabalpur
MZ960911,India / Madhya Pradesh / Jabalpur
MZ960908,India / Madhya Pradesh / Jabalpur
MZ960900,India / Madhya Pradesh / Satna
MZ960757,India / Madhya Pradesh / Chhindwara
MZ960573,India / Madhya Pradesh / Jabalpur
MZ960500,India / Madhya Pradesh / Indore
MZ960451,India / Madhya Pradesh / Chhindwara
MZ960449,India / Madhya Pradesh / Jabalpur
MZ960309,India / Madhya Pradesh / Jabalpur
MZ960303,India / Madhya Pradesh / Jabalpur
MZ960301,India / Madhya Pradesh / Jabalpur
MZ960298,India / Madhya Pradesh / Indore
MZ960297,India / Madhya Pradesh / Chhindwara
MZ960293,India / Madhya Pradesh / Jabalpur
MZ960184,India / Madhya Pradesh / Jabalpur
MZ960183,India / Madhya Pradesh / Jabalpur
MZ960131,India / Madhya Pradesh / Jabalpur
MW181833,India
MW181826,India
MW181815,India
MW181814,India
MT950349,India / Ahmedabad
MT950348,India / Ahmedabad
MT950231,India / Kalol
MT950230,India / Kalol
MT950195,India / Ahmedabad
MT950193,India / Ahmedabad
MT950192,India / Ahmedabad
MT950191,India / Ahmedabad
MT950190,India / Ahmedabad
MT950189,India / Ahmedabad
MT950188,India / Ahmedabad
MT950187,India / Ahmedabad
MT941403,India / Ahmedabad
MT941276,India / Ahmedabad
MT941274,India / Ahmedabad
MT941272,India / Ahmedabad
MT941067,India / Ahmedabad
MT941061,India / Daskroi
MT941060,India / Daskroi
MT941059,India / Daskroi
MT941056,India / Ahmedabad
MT941055,India / Ahmedabad
MT941052,India / Ahmedabad
MT941047,India / Ahmedabad
MT941046,India / Ahmedabad
MT941042,India / Ahmedabad
MT940526,India / Ahmedabad
MT940479,India / Modasa
MT940478,India / Modasa
MT940477,India / Modasa
MT940476,India / Mehsana
MT940475,India / Mehsana
MT940474,India / Mehsana
MT940473,India / Adajan
MT940472,India / Adajan
MT940464,India / Ahmedabad
MT940462,India / Ahmedabad
MT940461,India / Ahmedabad
MT940460,India / Ahmedabad
MT940459,India / Ahmedabad
MT940458,India / Ahmedabad
MT940452,India / Ahmedabad
MT940451,India / Ahmedabad
MT940449,India / Ahmedabad
MT806192,India / Vadodara
MT806191,India / Vadodara
MT806176,India / Vadodara
MT801051,India / Vadodara
MT801048,India / Vadodara
MT801043,India / Vadodara
MT801006,India / Vadodara
MT801004,India / Vadodara
MT800999,India / Vadodara
MT800997,India / Vadodara
MT800995,India / Vadodara
MT800994,India / Prantij
MT800978,India / Prantij
MT800977,India / Vadodara
MT800942,India / Vadodara
MT800940,India / Vadodara
MT800939,India / Mandvi
MT800936,India / Vadodara
MT800934,India / Mandvi
MT800928,India / Vadodara
MT800925,India / Daskroi
MT800924,India / Botad
MT800923,India / Daskroi
MT800896,India / Vadodara
MT800895,India / Kheda
MT800873,India / Vadodara
MT800845,India / Vadodara
MT800820,India / Vadodara
MT800818,India / Vadodara
MT800816,India / Vadodara
MT800794,India / Vadodara
MT800758,India / Vadodara
MT800753,India / Kheda
MT800542,India / Vadodara
MT800515,India / Vadodara
MT800505,India / Nadiad
MT800284,India / Vadodara
MT800282,India / Chorasi
MT800105,India / Vadodara
MT800050,India / Vadodara
MT800047,India / Kamrej
MT800045,India / Vadodara
MT800043,India / Vadodara
MT800041,India / Kamrej
MT800036,India / Surat
MT800031,India / Surat
MT800030,India / Vadodara
MT800029,India / Vadodara
MT800024,India / Vadodara
MT800021,India / Surat
MT800015,India / Surat
MT800013,India / Vadodara
MT800010,India / Surat
MT800005,India / Mahuva
MT800002,India / Surat
MT799998,India / Ghogha
MT799976,India / Ahmedabad
MT799974,India / Ahmedabad
MT799972,India / Surat
MT799970,India / Ahmedabad
MT799969,India / Dholka
MT799967,India / Surat
MT773134,India / Surat
MT773133,India / Surat
MT772297,India / Surat
MT772294,India / Surat
MT772293,India / Choryasi
MT772271,India / Choryasi
MT772256,India / Surat
MT772253,India / Surat
MT772252,India / Surat
MT772240,India / Surat
MT772237,India / Choryasi
MT772215,India / Choryasi
MT772210,India / Himatnagar
MT760790,India / Surat
MT759844,India / Surat
MT759820,India / Surat
MT759742,India / Surat
MT759714,India / Surat
MT759588,India / Surat
MT759582,India / Surat
MT758701,India / Choryasi
MT758683,India / Surat
MT758471,India / Surat
MT758439,India / Surat
MT758436,India / Surat
MT758421,India / Surat
MT758402,India / Surat
MT758375,India / Rajkot
MT758346,India / Rajkot
MT758314,India / Jetpur
MT758240,India / Jetpur
MT758215,India / Rajkot
MT758213,India / Rajkot
MT758203,India / Modasa
MT758202,India / Rajkot
MT758197,India / Rajkot
MT758193,India / Vadodara
MT741490,India / Olpad
MT741096,India / Olpad
MT740923,India / Surat
MT740896,India / Gondal
MT740820,India / Gondal
MT740724,India / Rajkot
MT740723,India / Rajkot
MT740717,India / Rajkot
MT740708,India / Rajkot
MT740706,India / Rajkot
MT740688,India / Junagadh
MT740686,India / Junagadh
MT740684,India / Chuda
MT740619,India / Chuda
MT740618,India / Rajkot
MT740617,India / Rajkot
MT740485,India / Talod
MT740483,India / Prantij
MT740444,India / Ahmedabad
MT740441,India / Himatnagar
MT740438,India / Vadodara
MT740436,India / Gandhinagar
MT676397,India / Vadodara
MT676390,India / Surat
MT676389,India / Vadodara
MT676388,India / Bardoli
MT676369,India / Choryasi
MT676368,India / Kapadvanj
MT676367,India / Choryasi
MT676366,India / Bardoli
MT676291,India / Surat
MT676290,India / Surat
MT676289,India / Surat
MT676288,India / Surat
MT676014,India / Surat
MT676013,India / Surat
MT675959,India / Surat
MT675957,India / Surat
MT675955,India / Surat
MT675954,India / Surat
MT675952,India / Palanpur
MT675951,India / Surat
MT675950,India / Palanpur
MT675945,India / Ahmedabad
MT675944,India / Ahmedabad
MT675943,India / Savali
MT675942,India / Savali
MT675941,India / Vadodara
MT675940,India / Vadodara
MT675939,India / Vadodara
MT675938,India / Vadodara
MT675937,India / Vadodara
MT675933,India / Vadodara
MT669322,India / Palanpur
MT669321,India / Palanpur
MT666042,India / Bhuj
MT665974,India / Mandvi
MT665972,India / Kheda
MT665970,India / Kheda
MT665028,India / Vadodara
MT665006,India / Vadodara
MT664990,India / Vadodara
MT664986,India / Vadodara
MT664822,India / Vadodara
MT664808,India / Savli
MT664807,India / Savli
MT664796,India / Vadodara
MT664795,India / Surat
MT664793,India / Surat
MT664774,India / Bharuch
MT664729,India / Surat
MT664727,India / Surat
MT664209,India / Surat
MT664205,India / Surat
MT664203,India / Surat
MT664202,India / Surat
MT664201,India / Surat
MT664197,India / Surat
MT664172,India / Surat
MT664170,India / Surat
MT664169,India / Surat
MT664161,India / Surat
MT664143,India / Surat
MT664118,India / Palanpur
MT664117,India / Palanpur
MT635858,India / Gujarat / Nadiad
MT635857,India / Gujarat / Mahemdavad
MT635856,India / Gujarat / Dhanera
MT635855,India / Gujarat / Mahemdavad
MT635410,India / Gujarat / Vadodara
MT635409,India / Gujarat / Nadiad
MT635408,India / Gujarat / Vadodara
MT635407,India / Gujarat / Vadodara
MT635406,India / Gujarat / Vadodara
MT635405,India / Gujarat / Vadodara
MT635404,India / Gujarat / Vadodara
MT635403,India / Gujarat / Vadodara
MT635397,India / Gujarat / Vadodara
MT635393,India / Gujarat / Vadodara
MT635392,India / Gujarat / Vadodara
MT635391,India / Gujarat / Vadodara
MT635339,India / Gujarat / Vadodara
MT635328,India / Gujarat / Ahmedabad
MT635272,India / Gujarat / Ahmedabad
MT635271,India / Gujarat / Ahmedabad
MT635270,India / Gujarat / Ahmedabad
MT635269,India / Gujarat / Ahmedabad
MT608648,India / Ahmedabad
MT607621,India / Ahmedabad
MT607620,India / Ahmedabad
MT607619,India / Ahmedabad
MT607618,India / Vadodara
MT607617,India / Ahmedabad
MT607616,India / Kalol
MT607615,India / Vadodara
MT607614,India / Ahmedabad
MT607613,India / Kalol
MT607612,India / Gandhinagar
MT607611,India / Ahmedabad
MT607610,India / Gandhinagar
MT607609,India / Ahmedabad
MT607608,India / Ahmedabad
MT607607,India / Ahmedabad
MT607606,India / Ahmedabad
MT607605,India / Ahmedabad
MT607604,India / Ahmedabad
MT607603,India / Ahmedabad
MT607602,India / Kalol
MT607601,India / Gandhinagar
MT607251,India / Gandhinagar
MT607250,India / Kadi
MT607249,India / Kadi
MT607244,India / Gandhinagar
MT594112,India / Ahmedabad
MT576532,India / Himatnagar
MT576531,India / Ahmedabad
MT576530,India / Ahmedabad
MT576529,India / Himatnagar
MT576061,India / Ahmedabad
MT576060,India / Ahmedabad
MT576059,India / Ahmedabad
MT576058,India / Ahmedabad
MT576057,India / Ahmedabad
MT576056,India / Ahmedabad
MT576055,India / Ahmedabad
MT576054,India / Ahmedabad
MT576053,India / Ahmedabad
MT576052,India / Ahmedabad
MT576049,India / Ahmedabad
MT576048,India / Ahmedabad
MT576047,India / Ahmedabad
MT576046,India / Ahmedabad
MT576045,India / Ahmedabad
MT576044,India / Ahmedabad
MT576043,India / Ahmedabad
MT576042,India / Ahmedabad
MT576041,India / Ahmedabad
MT576040,India / Ahmedabad
MT576039,India / Vadodara
MT576038,India / Rajkot
MT576037,India / Vadodara
MT576035,India / Vadodara
MT576034,India / Rajkot
MT576033,India / Ahmedabad
MT576032,India / Ahmedabad
MT576031,India / Ahmedabad
MT560827,India / Prantij
MT560706,India / Khedbrahma
MT560705,India / Himatnagar
MT560704,India / Ahmedabad
MT560694,India / Khedbrahma
MT560693,India / Ahmedabad
MT560692,India / Ahmedabad
MT560690,India / Ahmedabad
MT560689,India / Bayad
MT560682,India / Ahmedabad
MT560680,India / Ahmedabad
MT560679,India / Ahmedabad
MT560677,India / Khedbrahma
MT560675,India / Himatnagar
MT560674,India / Ahmedabad
MT560673,India / Prantij
MT560672,India / Ahmedabad
MT560671,India / Ahmedabad
MT560670,India / Ahmedabad
MT560669,India / Himatnagar
MT560668,India / Ahmedabad
MT560667,India / Ahmedabad
MT560657,India / Ahmedabad
MT560656,India / Ahmedabad
MT539176,India / Vadodara
MT539175,India / Vadodara
MT539174,India / Rajkot
MT539173,India / Vadodara
MT539172,India / Vadodara
MT539171,India / Vadodara
MT539170,India / Rajkot
MT539169,India / Vadodara
MT539168,India / Vadodara
MT539167,India / Vadodara
MT539166,India / Vadodara
MT539165,India / Vadodara
MT539164,India / Vadodara
MT509959,India / Jamnagar
MT509659,India / Vadodara
MT509658,India / Dahod
MT509657,India / Dahod
MT509656,India / Vadodara
MT509651,India / Vadodara
MT509650,India / Vadodara
MT509649,India / Vadodara
MT509512,India / Dahod
MT509511,India / Rajkot
MT509510,India / Una
MT509509,India / Ahmedabad
MT509508,India / Jamnagar
MT509507,India / Una
MT509506,India / Rajkot
MT509505,India / Ahmedabad
MT509504,India / Rajkot
MT509503,India / Junagadh
MT509502,India / Jamnagar
MT509501,India / Jamnagar
MT509500,India / Dahod
MT509499,India / Jamnagar
MT509498,India / Jamnagar
MT509497,India / Una
MT509496,India / Botad
MT509495,India / Kodinar
MT509494,India / Vadodara
MT496997,India / Gandhinagar
MT496996,India / Gandhinagar
MT496995,India / Gandhinagar
MT496994,India / Gandhinagar
MT496993,India / Gandhinagar
MT496992,India / Ahmedabad
MT496991,India / Gandhinagar
MT496990,India / Gandhinagar
MT496989,India / Ahmedabad
MT496988,India / Ahmedabad
MT496987,India / Ahmedabad
MT496986,India / Ahmedabad
MT496985,India / Ahmedabad
MT496984,India / Ahmedabad
MT496983,India / Ahmedabad
MT496982,India / Ahmedabad
MT496980,India / Ahmedabad
MT496979,India / Ahmedabad
MT496978,India / Ahmedabad
MT496977,India / Ahmedabad
MT496976,India / Ahmedabad
MT496975,India / Ahmedabad
MT496974,India / Ahmedabad
MT496973,India / Ahmedabad
MT496972,India / Ahmedabad
MT483702,India / Modasa
MT483560,India / Modasa
MT483559,India / Prantij
MT483558,India / Modasa
MT483557,India / Modasa
MT483556,India / Modasa
MT483555,India / Modasa
MT483554,India / Modasa
MT483553,India / Modasa
MT481909,India / Modasa
MT481908,India / Mansa
MT481907,India / Gandhinagar
MT481906,India / Gandhinagar
MT481905,India / Gandhinagar
MT481904,India / Gandhinagar
MT481903,India / Dahegam
MT481902,India / Dahegam
MT481901,India / Dahegam
MT481900,India / Gandhinagar
MT481899,India / Modasa
MT481898,India / Himatnagar
MT481897,India / Modasa
MT481896,India / Ahmedabad
MT481895,India / Ahmedabad
MT467263,India / Dhansura
MT467262,India / Modasa
MT467261,India / Modasa
MT467260,India / Prantij
MT467259,India / Prantij
MT467258,India / Ahmedabad
MT467257,India / Ahmedabad
MT467256,India / Ahmedabad
MT467255,India / Ahmedabad
MT467254,India / Ahmedabad
MT467253,India / Ahmedabad
MT467252,India / Ahmedabad
MT467251,India / Ahmedabad
MT467250,India / Ahmedabad
MT467249,India / Ahmedabad
MT467248,India / Ahmedabad
MT467247,India / Ahmedabad
MT467246,India / Ahmedabad
MT467245,India / Ahmedabad
MT467244,India / Ahmedabad
MT467243,India / Ahmedabad
MT467242,India / Ahmedabad
MT467241,India / Ahmedabad
MT467240,India / Ahmedabad
MT467239,India / Ahmedabad
MT467238,India / Ahmedabad
MT467237,India / Ahmedabad
MT451890,India / Ahmedabad
MT451889,India / Ahmedabad
MT451888,India / Ahmedabad
MT451887,India / Ahmedabad
MT451886,India / Ahmedabad
MT451885,India / Ahmedabad
MT451884,India / Ahmedabad
MT451883,India / Ahmedabad
MT451882,India / Ahmedabad
MT451881,India / Ahmedabad
MT451880,India / Surat
MT451879,India / Surat
MT451878,India / Surat
MT451877,India / Surat
MT451876,India / Surat
MT451875,India / Surat
MT451874,India / Surat
MT435085,India / Gandhinagar
MT496981,India / Gujarat / Ahmedabad
MT457402,India / Telangana / Hyderabad
MT439596,India / Karnataka
MT439595,India / Karnataka
MT439597,India / Karnataka
MT435086,India / Gujarat / Mansa
MT435084,India / Gujarat / Ahmedabad
MT435083,India / Gujarat / Ahmedabad
MT435082,India / Gujarat / Ahmedabad
MT435081,India / Gujarat / Ahmedabad
MT435080,India / Gujarat / Ahmedabad
MT435079,India / Gujarat / Ahmedabad
ON052776,India
ON052775,India
ON052774,India
ON052773,India
ON052772,India
ON052771,India
ON052770,India
ON052769,India
ON052768,India
ON052767,India
ON052766,India
ON052765,India
ON052764,India
ON052763,India
ON052762,India
ON052761,India
ON052760,India
ON052759,India
ON052758,India
ON052757,India
ON052756,India
ON052755,India
ON052754,India
ON060065,India / Delhi
ON060064,India / Delhi
ON060062,India / Delhi
ON060061,India / Delhi
ON060060,India / Delhi
ON060058,India / Delhi
ON060056,India / Delhi
ON060054,India / Delhi
OM901119,India
OM899797,India
OM899753,India
OM899732,India
OM759831,India
ON060067,India / Delhi
ON060052,India / Delhi
ON060022,India / Delhi
ON060020,India / Delhi
ON060011,India / Delhi
ON060021,India / Delhi
ON060013,India / Delhi
ON060024,India / Delhi
ON060023,India / Delhi
ON060006,India / Delhi
ON060066,India / Delhi
ON060059,India / Delhi
ON060063,India / Delhi
ON060055,India / Delhi
ON060057,India / Delhi
ON060053,India / Delhi
ON060051,India / Delhi
ON060050,India / Delhi
ON060048,India / Delhi
ON060049,India / Delhi
ON060047,India / Delhi
ON060046,India / Delhi
ON060044,India / Delhi
ON060043,India / Delhi
ON060045,India / Delhi
ON060042,India / Delhi
ON060041,India / Delhi
ON060040,India / Delhi
ON060039,India / Delhi
ON060038,India / Delhi
ON060037,India / Delhi
ON060036,India / Delhi
ON060035,India / Delhi
ON060034,India / Delhi
ON060033,India / Delhi
ON060032,India / Delhi
ON060030,India / Delhi
ON060031,India / Delhi
ON060029,India / Delhi
ON060028,India / Delhi
ON060027,India / Delhi
ON060026,India / Delhi
ON060025,India / Delhi
ON060019,India / Delhi
ON060018,India / Delhi
ON060015,India / Delhi
ON060016,India / Delhi
ON060017,India / Delhi
ON060012,India / Delhi
ON060010,India / Delhi
ON060009,India / Delhi
ON060014,India / Delhi
ON060008,India / Delhi
ON060007,India / Delhi
OM250422,India
OM266160,India
OM265438,India
OM267619,India
OM272055,India
OM267715,India
OM267713,India
OM272056,India
OM267718,India
OM267722,India
OM267725,India
OM267726,India
OM267775,India
OM267782,India
OM349979,India / Maharashtra
OM349961,India / Maharashtra
OM349958,India / Maharashtra
OM349957,India / Maharashtra
OM349959,India / Maharashtra
OM349956,India / Maharashtra
OM349960,India / Maharashtra
OM349977,India / Rajasthan
OM349978,India / Rajasthan
OM349973,India / Rajasthan
OM349975,India / Rajasthan
OM349974,India / Rajasthan
OM349970,India / Rajasthan
OM349968,India / Rajasthan
OM349963,India / Rajasthan
OM349962,India / Rajasthan
OM349966,India / Rajasthan
OM349976,India / Rajasthan
OM349965,India / Rajasthan
OM349972,India / Rajasthan
OM349971,India / Rajasthan
OM349969,India / Rajasthan
OM349967,India / Rajasthan
OM349964,India / Rajasthan
OM108445,India
MZ676028,India
MZ577814,India
MZ577813,India
MZ577969,India
MZ577968,India
MZ577981,India
MZ577816,India
MZ577815,India
MZ577982,India
MZ577971,India
MZ577985,India
MZ577818,India
MZ577817,India
MZ577983,India
MZ577970,India
MZ577986,India
MZ577879,India
MZ577855,India
MZ577854,India
MZ577852,India
MZ577851,India
MZ577847,India
MZ577846,India
MZ577821,India
MZ577819,India
MZ577820,India
MZ577828,India
MZ577988,India
MZ577827,India
MZ577826,India
MZ577825,India
MZ577824,India
MZ577823,India
MZ577822,India
MZ577845,India
MZ577857,India
MZ577993,India
MZ577992,India
MZ577989,India
MZ577991,India
MZ577990,India
MZ577995,India
MZ577994,India
MZ577972,India
MZ676029,India
MZ577974,India
MZ577829,India
MZ577973,India
MZ674224,India
MZ577976,India
MZ577975,India
MZ577978,India
MZ674215,India
MZ577979,India
MZ674289,India
MZ674288,India
MZ674287,India
MZ674286,India
MZ577898,India
MZ577897,India
MZ577997,India
MZ577896,India
MZ674331,India
MZ577980,India
MZ577977,India
MZ577875,India
MZ577876,India
MZ577918,India
MZ674292,India
MZ577917,India
MZ577914,India
MZ674216,India
MZ577901,India
MZ577900,India
MZ577899,India
MZ674293,India
MZ577967,India
MZ577966,India
MZ577965,India
MZ577964,India
MZ577963,India
MZ577962,India
MZ577961,India
MZ577960,India
MZ577959,India
MZ577957,India
MZ577956,India
MZ577955,India
MZ577954,India
MZ674332,India
MZ577952,India
MZ577951,India
MZ577950,India
MZ577958,India
MZ674334,India
MZ577936,India
MZ577935,India
MZ577934,India
MZ674333,India
MZ674291,India
MZ577928,India
MZ577927,India
MZ577949,India
MZ577948,India
MZ577947,India
MZ577946,India
MZ577926,India
MZ674335,India
MZ577945,India
MZ577920,India
MZ577944,India
MZ577919,India
MZ577943,India
MZ577942,India
MZ577941,India
MZ577940,India
MZ577939,India
MZ577938,India
MZ577937,India
MZ577830,India
MZ577933,India
MZ577932,India
MZ577931,India
MZ577930,India
MZ577929,India
MZ577874,India
MZ577872,India
MZ577871,India
MZ577873,India
MZ577870,India
MZ577838,India
MZ577837,India
MZ577836,India
MZ577835,India
MZ674337,India
MZ577924,India
MZ577923,India
MZ577922,India
MZ577907,India
MZ577906,India
MZ676030,India
MZ577904,India
MZ577903,India
MZ676027,India
MZ577877,India
MZ674217,India
MZ577844,India
MZ577843,India
MZ577909,India
MZ577842,India
MZ577841,India
MZ577840,India
MZ577839,India
MZ674338,India
MZ676032,India
MZ676031,India
MZ577910,India
MZ674218,India
MZ674339,India
MZ577912,India
MZ577911,India
MZ674219,India
MZ577913,India
MZ674220,India
MZ577881,India
MZ577882,India
MZ577894,India
MZ577889,India
MZ577887,India
MZ577893,India
MZ577886,India
MZ577892,India
MZ577890,India
MZ577885,India
MZ577891,India
MZ577888,India
MZ577884,India
MZ674222,India
MZ674223,India
MZ674225,India
MZ674221,India
MZ577880,India
MZ577859,India
MZ577858,India
MZ577861,India
MZ577860,India
MZ577864,India
MZ577863,India
MZ577862,India
MZ577865,India
MZ577868,India
MZ674226,India
MT415320,India / Telangana / Hyderabad
MT415322,India / Telangana / Hyderabad
MT415323,India / Telangana / Hyderabad
OK342100,India / Rajasthan / Jaipur
OK342101,India / Rajasthan / Jaipur
OK342102,India / Rajasthan / Jaipur
OK342103,India / Rajasthan / Jaipur
OK342104,India / Rajasthan / Jaipur
OK342105,India / Rajasthan / Jaipur
OK342106,India / Rajasthan / Jaipur
OK342107,India / Rajasthan / Jaipur
MZ336024,India
MZ558118,India / Uttar Pradesh
MZ558117,India / Uttar Pradesh
MZ558106,India / Uttar Pradesh
MZ558101,India / Uttar Pradesh
MZ558160,India / Uttar Pradesh
MZ558122,India / Uttar Pradesh
MZ558121,India / Uttar Pradesh
MZ558120,India / Uttar Pradesh
MZ558119,India / Uttar Pradesh
MZ558116,India / Uttar Pradesh
MZ558115,India / Uttar Pradesh
MZ558114,India / Uttar Pradesh
MZ558113,India / Uttar Pradesh
MZ558112,India / Uttar Pradesh
MZ558111,India / Uttar Pradesh
MZ558110,India / Uttar Pradesh
MZ558108,India / Uttar Pradesh
MZ558105,India / Uttar Pradesh
MZ558104,India / Uttar Pradesh
MZ558103,India / Uttar Pradesh
MZ558102,India / Uttar Pradesh
MZ558100,India / Uttar Pradesh
MZ558099,India / Uttar Pradesh
MZ558098,India / Uttar Pradesh
MZ558096,India / Uttar Pradesh
MZ558095,India / Uttar Pradesh
MZ558094,India / Uttar Pradesh
MZ558092,India / Uttar Pradesh
MZ558091,India / Uttar Pradesh
MZ558090,India / Uttar Pradesh
MZ558089,India / Uttar Pradesh
MZ558088,India / Uttar Pradesh
MZ558087,India / Uttar Pradesh
MZ558086,India / Uttar Pradesh
MZ572201,India / Uttar Pradesh
MZ572200,India / Uttar Pradesh
MZ558154,India / Uttar Pradesh
MZ558147,India / Uttar Pradesh
MZ558146,India / Uttar Pradesh
MZ558145,India / Uttar Pradesh
MZ558143,India / Uttar Pradesh
MZ558141,India / Uttar Pradesh
MZ558138,India / Uttar Pradesh
MZ558137,India / Uttar Pradesh
MZ558134,India / Uttar Pradesh
MZ558130,India / Uttar Pradesh
MZ572223,India / Uttar Pradesh
MZ572222,India / Uttar Pradesh
MZ572221,India / Uttar Pradesh
MZ572220,India / Uttar Pradesh
MZ572207,India / Uttar Pradesh
MZ572206,India / Uttar Pradesh
MZ572205,India / Uttar Pradesh
MZ572204,India / Uttar Pradesh
MZ572203,India / Uttar Pradesh
MZ572202,India / Uttar Pradesh
MZ558161,India / Uttar Pradesh
MZ558159,India / Uttar Pradesh
MZ558158,India / Uttar Pradesh
MZ558157,India / Uttar Pradesh
MZ558156,India / Uttar Pradesh
MZ558155,India / Uttar Pradesh
MZ558153,India / Uttar Pradesh
MZ558152,India / Uttar Pradesh
MZ558151,India / Uttar Pradesh
MZ558150,India / Uttar Pradesh
MZ558149,India / Uttar Pradesh
MZ558148,India / Uttar Pradesh
MZ558144,India / Uttar Pradesh
MZ558142,India / Uttar Pradesh
MZ558140,India / Uttar Pradesh
MZ558139,India / Uttar Pradesh
MZ558136,India / Uttar Pradesh
MZ558135,India / Uttar Pradesh
MZ558133,India / Uttar Pradesh
MZ558131,India / Uttar Pradesh
MZ558129,India / Uttar Pradesh
MZ558128,India / Uttar Pradesh
MZ558127,India / Uttar Pradesh
MZ558126,India / Uttar Pradesh
MZ558125,India / Uttar Pradesh
MZ558124,India / Uttar Pradesh
MZ558123,India / Uttar Pradesh
MW422884,India
OL966453,India
OL966478,India
OL966477,India
OL989256,India
ON063246,India
ON063251,India
ON063250,India
ON063249,India
ON063248,India
ON063247,India
ON063245,India
ON063253,India
ON063252,India
OL851814,India
OL851815,India
OL851822,India
OL851824,India
OL853502,India
OL853449,India
OL851827,India
OL851825,India
OL853494,India
OL853490,India
OL853451,India
OL853499,India
OL853497,India
OL853495,India
OL853500,India
OL456172,India
OK037152,India
OK067214,India
OK042832,India
OK061055,India
OK061056,India
OK067218,India
OK061059,India
OK061068,India
OK061081,India
OK067247,India
OK061188,India
OK061186,India
OK067224,India
OK067227,India
OK067256,India
OK085482,India
OK085481,India
OK083542,India
OK067238,India
OK083544,India
OK078620,India
OK067272,India
OK067236,India
OK067230,India
OK077992,India
OK078531,India
OK067252,India
OK085263,India
OK083890,India
OK083551,India
OK083550,India
OK083545,India
OK083543,India
OK078015,India
OK078005,India
OK067226,India
OK085466,India
OK085465,India
OK083548,India
OK083546,India
OK083541,India
OK083540,India
OK083539,India
OK078617,India
OK067232,India
OK083547,India
OK356473,India
OK356472,India
OK356471,India
OK356470,India
OK356469,India
OK356468,India
OK356467,India
OK356466,India
OK356465,India
OK356464,India
OK356463,India
OK356462,India
OK356461,India
OK356460,India
OK356459,India
OK356458,India
OK356457,India
OK356456,India
OK356455,India
OK356454,India
OK356453,India
OK356452,India
OK356451,India
OK356450,India
OK356449,India
OK356448,India
OK356447,India
OK356446,India
OK356445,India
OK356444,India
OK356443,India
OK356442,India
OK356441,India
OK356440,India
OK356439,India
OK356438,India
OK356437,India
OK356436,India
OK356435,India
OK356434,India
OK356433,India
OK356432,India
OK356431,India
OK356430,India
OK356429,India
OK356428,India
OK356427,India
OK356426,India
OK356425,India
OK356424,India
OK356423,India
OK356422,India
OK356421,India
OK356420,India
OK356419,India
OK356418,India
OK356417,India
OK356416,India
OK356415,India
OK356414,India
OK356413,India
OK356412,India
OK356411,India
OK356410,India
OK085478,India
OK189638,India
OK189613,India
OK189631,India
OK189630,India
OK189629,India
OK189628,India
OK189627,India
OK189626,India
OK189625,India
OK189624,India
OK189623,India
OK190656,India
OK190655,India
OK190654,India
OK190653,India
OK190652,India
OK190651,India
OK190650,India
OK190649,India
OK190648,India
OK190647,India
OK190646,India
OK190645,India
OK190644,India
OK190643,India
OK190642,India
OK190641,India
OK190640,India
OK190639,India
OK190638,India
OK190637,India
OK190636,India
OK190635,India
OK190634,India
OK190633,India
OK190632,India
OK190631,India
OK190630,India
OK190629,India
OK190628,India
OK190627,India
OK190626,India
OK190625,India
OK190624,India
OK190623,India
OK190622,India
OK190621,India
OK190620,India
OK190619,India
OK190618,India
OK190617,India
OK190616,India
OK190615,India
OK190614,India
OK190613,India
OK190612,India
OK067257,India
OM901110,India / Gujarat / Bhavnagar
OM900177,India / Gujarat / Bhavnagar
OM900176,India / Gujarat / Bhavnagar
OM900175,India / Gujarat / Bhavnagar
OM901112,India / Gujarat / Bhavnagar
OM902056,India / Gujarat / Bhavnagar
OM902057,India / Gujarat / Bhavnagar
OM918221,India / Gujarat / Vadodara
OM915404,India / Gujarat / Rajkot
OM915406,India / Gujarat / Rajkot
OM915402,India / Gujarat / Surat
OM915403,India / Gujarat / Valsad
OM915415,India / Gujarat / Rajkot
OM918219,India / Gujarat / Rajkot
OM916775,India / Gujarat / Rajkot
OM918220,India / Gujarat / Rajkot
OM900048,India / Gujarat / Arvalli
OM900020,India / Gujarat / Sabarkantha
OM900049,India / Gujarat / Arvalli
OM900050,India / Gujarat / Arvalli
OM900024,India / Gujarat / Sabarkantha
OM900023,India / Gujarat / Sabarkantha
OM900047,India / Gujarat / Sabarkantha
OM900027,India / Gujarat / Sabarkantha
OM900051,India / Gujarat / Arvalli
OM899801,India / Gujarat / Surat
OM899802,India / Gujarat / Surat
OM899804,India / Gujarat / Surat
OM899974,India / Gujarat / Surat
OM899809,India / Gujarat / Surat
OM900114,India / Gujarat / Ahmedabad
OM900055,India / Gujarat / Ahmedabad
OM900054,India / Gujarat / Ahmedabad
OM900053,India / Gujarat / Ahmedabad
MZ948892,India
MZ914700,India
MZ901316,India
MZ901315,India
MZ900940,India
MZ900939,India
MZ900917,India
MZ896188,India
MZ896007,India
MZ896006,India
MZ896005,India
MZ896004,India
MZ895803,India
MZ895801,India
MZ895800,India
MZ895799,India
MZ895484,India
MZ895483,India
MZ895469,India
MZ895467,India
MZ888514,India
MZ888513,India
MZ882287,India
MZ882259,India
MZ882159,India
MZ413341,India
MZ413340,India
OM899755,India / Gujarat / Vadodara
OM899729,India / Gujarat / Surat
OM899726,India / Gujarat / Surat
OM899728,India / Gujarat / Surat
OM899727,India / Gujarat / Surat
OM899798,India / Gujarat / Ahmedabad
MZ544373,India
MZ544372,India
MZ544369,India
MZ544113,India
MZ544112,India
MZ540784,India
MZ540903,India
MZ544064,India
MZ540907,India
MZ540877,India
MZ540906,India
MZ540905,India
MZ540875,India
MZ540783,India
MZ557828,India
MZ540765,India
MZ557823,India
MZ734487,India / ASIA / Madhya Pradesh
MZ544378,India
MZ557827,India
MZ544380,India
MZ557825,India
MZ544379,India
MZ544375,India
MZ520635,India
MZ749651,India
MZ520665,India
MT577016,India / Telangana
MZ336028,India
MZ336030,India
MZ336033,India
MZ336029,India
MZ336031,India
MT577015,India / Uttar Pradesh
MT012098,India / Kerala State
MT050493,India / Kerala State
MZ413378,India
MZ413375,India
MZ413376,India
MZ413377,India
MZ413374,India
MZ413373,India
MZ413372,India
MZ413371,India
MZ413370,India
MZ413367,India
MZ413368,India
MZ413369,India
MZ413364,India
MZ413363,India
MZ413365,India
MZ413366,India
MZ413362,India
MZ413360,India
MZ413359,India
MZ413361,India
MZ413358,India
MZ411529,India
MZ411528,India
MZ411522,India
MZ411521,India
MZ411520,India
MZ411517,India
MZ411516,India
MZ411519,India
MZ411518,India
MZ411513,India
MZ411514,India
MZ411500,India
MZ411498,India
MZ411497,India
MZ411496,India
MZ410782,India
MZ410781,India
MZ410769,India
MZ410766,India
MW969756,India
MW969755,India
MW969754,India
MW969752,India
MW969757,India
MT163714,India
MW969602,India
MW969601,India
MW969600,India
MW969599,India
MW969598,India
MW969603,India
MW969596,India
MW969595,India
MW969594,India
MW969593,India
MW969592,India
MW969591,India
MW969590,India
MW969589,India
MW969588,India
MW969587,India
MW969586,India
MW969585,India
MW969583,India
MW969581,India
MW969580,India
MW969579,India
MW969578,India
MW969577,India
MW969576,India
MW969574,India
MW969573,India
MW969572,India
MW969571,India
MW969569,India
MW969568,India
MW969567,India
MW969566,India
MW969565,India
MW969564,India
MW969563,India
MW969562,India
MW969561,India
MW969559,India
MW969558,India
MW969557,India
MW969556,India
MW969555,India
MW969554,India
MW969553,India
MW969552,India
MW969551,India
MW969550,India
MW969549,India
MW969548,India
MW969547,India
MW969546,India
MW969545,India
MW969543,India
MW969542,India
MW969541,India
MW969540,India
MW969539,India
MZ723921,India / Asia / Madhya Pradesh
MZ723922,India / Asia / Madhya Pradesh
MZ724429,India
MZ724428,India
MZ724444,India
MZ724454,India
MZ724458,India
MZ724457,India
MZ724471,India
MZ724464,India
MZ724518,India
MZ724475,India
MZ724523,India
MZ724495,India
MZ724537,India
OM884010,India / Gujarat / Navsari
OM884047,India / Gujarat / Valsad
OM884048,India / Gujarat / Valsad
OM884049,India / Gujarat / Valsad
OM884005,India / Gujarat / Surat
OM884004,India / Gujarat / Navsari
OM883999,India / Gujarat / Surat
OM884031,India / Gujarat / Surat
OM884012,India / Gujarat / Surat
OM884046,India / Gujarat / Bharuch
OM884045,India / Gujarat / Surat
OM884044,India / Gujarat / Bharuch
OM884058,India / Gujarat / Banaskantha
OM884057,India / Gujarat / Surat
OM884059,India / Gujarat / Surat
OM884062,India / Gujarat / Surat
OM884064,India / Gujarat / Surat
OM884061,India / Gujarat / Surat
OM884065,India / Gujarat / Vadodara
MT577014,India / Delhi
MT577013,India / Delhi
MT577012,India / Delhi
MT577011,India / Delhi
MT577010,India / Delhi
MT577009,India / Delhi
MZ713400,India
MZ713401,India
MZ713393,India
MZ713402,India
MZ713382,India
MZ713381,India
MZ713391,India
MZ713386,India
MZ713385,India
MZ713390,India
MZ713383,India
MZ713384,India
MZ713388,India
MZ713389,India
MZ713397,India
MZ713399,India
MZ713398,India
MZ713394,India
MZ713407,India
MZ713387,India
MZ708733,India
MZ702710,India
MZ702645,India
MZ702559,India
MZ702558,India
MZ702699,India
MZ702566,India
MZ702637,India
MZ702638,India
MZ702567,India
MZ702711,India
MZ702716,India
MZ702639,India
MZ702570,India
MZ702717,India
MZ702568,India
MZ702715,India
MZ701884,India
MZ701876,India
MZ702712,India
MZ702708,India
MZ702452,India
MZ701874,India
MZ701873,India
MZ702463,India
MZ702466,India
MZ702464,India
MZ702451,India
MZ701888,India
MZ701879,India
MZ701885,India
MZ701886,India
MZ701883,India
MZ701880,India
MZ701878,India
MZ701882,India
MZ701881,India
MZ701887,India
MZ701872,India
MZ702465,India
MZ702453,India
MZ702552,India
MZ702700,India
MZ702695,India
MZ702694,India
MZ702640,India
MZ702718,India
MZ702707,India
MZ702698,India
MZ702709,India
MZ702565,India
MZ702551,India
MZ702550,India
MZ702549,India
MZ702647,India
MZ702569,India
MZ702542,India
MZ702487,India
MZ702483,India
MZ702548,India
MZ702539,India
MZ702529,India
MZ702646,India
MZ702543,India
MZ702486,India
MZ702482,India
MZ702742,India
MZ702744,India
MZ702729,India
MZ702730,India
MZ702728,India
OM882624,India / Gujarat / Vadodara
OM882623,India / Gujarat / Vadodara
OM882622,India / Gujarat / Vadodara
OM850170,India / Gujarat / Vadodara
OM849671,India / Gujarat / Vadodara
OM849670,India / Gujarat / Vadodara
MZ900915,India / Gujarat / Surat
OM883977,India / Gujarat / Surat
OM849244,India / Gujarat / Surat
OM849243,India / Gujarat / Surat
OM847396,India / Gujarat / Surat
OM847395,India / Gujarat / Surat
OM847394,India / Gujarat / Surat
OM847392,India / Gujarat / Surat
OM847362,India / Gujarat / Surat
OM846619,India / Gujarat / Surat
OM846617,India / Gujarat / Surat
OM846614,India / Gujarat / Surat
OM759896,India / Gujarat / Surat
OM759894,India / Gujarat / Surat
OM759893,India / Gujarat / Surat
OM759891,India / Gujarat / Surat
OM759889,India / Gujarat / Surat
OM759890,India / Gujarat / Surat
OM759869,India / Gujarat / Surat
OM759866,India / Gujarat / Surat
OM759836,India / Gujarat / Surat
OM759826,India / Gujarat / Surat
OM759824,India / Gujarat / Surat
OM759823,India / Gujarat / Surat
OM759884,India / Gujarat / Sabarkantha
OM759885,India / Gujarat / Sabarkantha
OM759871,India / Gujarat / Sabarkantha
OM883976,India / Gujarat / Navsari
OM883975,India / Gujarat / Navsari
OM883974,India / Gujarat / Navsari
OM847389,India / Gujarat / Bharuch
OM847386,India / Gujarat / Bharuch
OM847376,India / Gujarat / Bharuch
OM883973,India / Gujarat / Ahmedabad
OM883972,India / Gujarat / Ahmedabad
OM883971,India / Gujarat / Ahmedabad
OM883946,India / Gujarat / Ahmedabad
OM883943,India / Gujarat / Ahmedabad
OM883942,India / Gujarat / Ahmedabad
OM883941,India / Gujarat / Ahmedabad
OM883940,India / Gujarat / Ahmedabad
OM883939,India / Gujarat / Ahmedabad
OM883928,India / Gujarat / Ahmedabad
OM883925,India / Gujarat / Ahmedabad
OM883921,India / Gujarat / Ahmedabad
OM883854,India / Gujarat / Ahmedabad
OM883852,India / Gujarat / Ahmedabad
OM883851,India / Gujarat / Ahmedabad
OM883850,India / Gujarat / Ahmedabad
OM883849,India / Gujarat / Ahmedabad
OM883848,India / Gujarat / Ahmedabad
OM883846,India / Gujarat / Ahmedabad
OM883843,India / Gujarat / Ahmedabad
OM883835,India / Gujarat / Ahmedabad
OM883833,India / Gujarat / Ahmedabad
OM883832,India / Gujarat / Ahmedabad
OM883831,India / Gujarat / Ahmedabad
OM883830,India / Gujarat / Ahmedabad
OM883827,India / Gujarat / Ahmedabad
OM882626,India / Gujarat / Ahmedabad
OM882625,India / Gujarat / Ahmedabad
OM847361,India / Gujarat / Ahmedabad
OM847360,India / Gujarat / Ahmedabad
OM847359,India / Gujarat / Ahmedabad
OM846649,India / Gujarat / Ahmedabad
OM846648,India / Gujarat / Ahmedabad
OM846646,India / Gujarat / Ahmedabad
OM846644,India / Gujarat / Ahmedabad
OM846639,India / Gujarat / Ahmedabad
OM846635,India / Gujarat / Ahmedabad
OM846634,India / Gujarat / Ahmedabad
OM846633,India / Gujarat / Ahmedabad
OM846628,India / Gujarat / Ahmedabad
OM846625,India / Gujarat / Ahmedabad
OM846623,India / Gujarat / Ahmedabad
OM846599,India / Gujarat / Ahmedabad
OM759995,India / Gujarat / Ahmedabad
OM759994,India / Gujarat / Ahmedabad
OM759991,India / Gujarat / Ahmedabad
OM759992,India / Gujarat / Ahmedabad
OM759974,India / Gujarat / Ahmedabad
OM759975,India / Gujarat / Ahmedabad
OM759972,India / Gujarat / Ahmedabad
OM759973,India / Gujarat / Ahmedabad
MZ021503,India
MZ021506,India
MZ021504,India
MZ021505,India
MZ452244,India / Assam / Dibrugarh
MZ452245,India / Assam / Dibrugarh
MZ452259,India / Assam / Dibrugarh
MZ452256,India / Assam / Dibrugarh
MZ452255,India / Assam / Dibrugarh
MZ452254,India / Assam / Dibrugarh
MZ452253,India / Assam / Dibrugarh
MZ452252,India / Assam / Dibrugarh
MZ452249,India / Assam / Dibrugarh
MZ452248,India / Assam / Dibrugarh
MZ452261,India / Assam / Dibrugarh
MZ336032,India
MZ336027,India
MZ336025,India
MZ336023,India
MZ677049,India
MZ520555,India / Kerala
MZ646055,India / Haryana
MZ724514,India / Delhi
MZ724509,India / Delhi
MZ724520,India / Delhi
MZ702724,India / Gujarat
MZ724516,India / Delhi
MZ724515,India / Delhi
MZ724490,India / Delhi
MZ724427,India / Delhi
MZ724510,India / Delhi
MZ724424,India / Delhi
MZ724508,India / Delhi
MZ724426,India / Delhi
MZ724430,India / Delhi
MZ724517,India / Delhi
MZ724431,India / Delhi
MZ724432,India / Delhi
MZ724507,India / Delhi
MZ724434,India / Delhi
MZ724436,India / Delhi
MZ724506,India / Delhi
MZ724437,India / Delhi
MZ724438,India / Delhi
MZ724435,India / Delhi
MZ724505,India / Delhi
MZ724443,India / Delhi
MZ724503,India / Delhi
MZ724441,India / Delhi
MZ724439,India / Delhi
MZ724519,India / Delhi
MZ724440,India / Delhi
MZ724504,India / Delhi
MZ724442,India / Delhi
MZ724501,India / Delhi
MZ724446,India / Delhi
MZ724521,India / Delhi
MZ724522,India / Delhi
MZ724502,India / Delhi
MZ724433,India / Delhi
MZ724445,India / Delhi
MZ724448,India / Delhi
MZ724525,India / Delhi
MZ724524,India / Delhi
MZ724511,India / Delhi
MZ724500,India / Delhi
MZ724526,India / Delhi
MZ724447,India / Delhi
MZ724499,India / Delhi
MZ724449,India / Delhi
MZ724497,India / Delhi
MZ724498,India / Delhi
MZ724496,India / Delhi
MZ724455,India / Delhi
MZ724453,India / Delhi
MZ724450,India / Delhi
MZ724512,India / Delhi
MZ724494,India / Delhi
MZ724452,India / Delhi
MZ724527,India / Delhi
MZ724456,India / Delhi
MZ724451,India / Delhi
MZ724528,India / Delhi
MZ724493,India / Delhi
MZ724459,India / Delhi
MZ724492,India / Delhi
MZ724529,India / Delhi
MZ724491,India / Delhi
MZ724531,India / Delhi
MZ724530,India / Delhi
MZ724460,India / Delhi
MZ724532,India / Delhi
MZ724533,India / Delhi
MZ724534,India / Delhi
MZ724513,India / Delhi
MZ724535,India / Delhi
MZ724536,India / Delhi
MZ724538,India / Delhi
MZ724540,India / Delhi
MZ724539,India / Delhi
MZ558132,India
MZ496515,India / Assam / Silchar
MZ496518,India / Assam / Silchar
MZ496519,India / Assam / Silchar
MZ496517,India / Assam / Silchar
MZ496516,India / Assam / Silchar
MZ462044,India / Meghalaya / Shillong
MZ462045,India / Meghalaya / Shillong
MZ462043,India / Meghalaya / Shillong
MZ462041,India / Meghalaya / Shillong
MZ462042,India / Meghalaya / Shillong
MZ452260,India / Assam / Dibrugarh
MZ452258,India / Assam / Dibrugarh
MZ452246,India / Assam / Dibrugarh
MZ452257,India / Assam / Dibrugarh
MZ452251,India / Assam / Dibrugarh
MZ452250,India / Assam / Dibrugarh
MZ452247,India / Assam / Dibrugarh
MZ021365,India
MZ021364,India
MZ021363,India
MZ021362,India
MZ021361,India
MZ021360,India
MZ021359,India
MZ021358,India
MZ021357,India
MZ021356,India
MZ021355,India
MZ021354,India
MZ021353,India
MZ021352,India
MZ021351,India
MZ021350,India
MZ021349,India
MZ021348,India
MZ021347,India
MZ411531,India
MZ410768,India
MZ410767,India
MZ410771,India
MZ410770,India
MZ411530,India
MZ413357,India
MZ413356,India
MZ413334,India
MZ413296,India
MZ413298,India
MZ413297,India
MW969758,India
MW969544,India
MW969560,India
MW969570,India
MW969575,India
MW969582,India
MW969584,India
MW969753,India
MW969597,India
MW969604,India
MZ724473,India / Delhi
MZ397913,India
MZ397912,India
MZ401446,India
MZ401445,India
MZ401448,India
MZ401447,India
MZ401505,India
MZ401499,India
MZ402504,India
MZ402502,India
MZ402506,India
MZ401500,India
MZ401498,India
MZ401503,India
MZ401501,India
MZ401497,India
MZ401496,India
MZ401484,India
MZ401492,India
MZ401493,India
MZ401449,India
MZ402500,India
MZ402498,India
MZ402499,India
MZ401504,India
MZ401456,India
MZ401457,India
MZ401454,India
MZ401453,India
MZ401450,India
MZ401451,India
MZ401452,India
MZ402503,India
MZ402501,India
MZ403744,India
MZ402658,India
MZ402508,India
MZ402740,India
MZ402605,India
MZ403743,India
MZ402611,India
MZ402617,India
MZ402515,India
MZ402742,India
MZ402505,India
MZ403742,India
MZ402741,India
MZ402743,India
MZ402604,India
MZ402507,India
MZ397911,India / Gujarat / Vinzol-Ahmedabad
MZ401495,India / Gujarat / Ahmedabad
MZ724462,India / Delhi
MZ724466,India / Delhi
MZ724465,India / Delhi
MZ724469,India / Delhi
MZ724468,India / Delhi
MZ724467,India / Delhi
MZ724463,India / Delhi
MZ724461,India / Delhi
MZ724470,India / Delhi
MZ724472,India / Delhi
MZ724489,India / Delhi
MZ724477,India / Delhi
MZ724474,India / Delhi
MZ724476,India / Delhi
MZ724479,India / Delhi
MZ724478,India / Delhi
MZ724481,India / Delhi
MZ724480,India / Delhi
MZ724482,India / Delhi
MZ724483,India / Delhi
MZ724484,India / Delhi
MZ724488,India / Delhi
MZ724487,India / Delhi
MZ724486,India / Delhi
MZ724485,India / Delhi
MZ359842,India
MZ359843,India
MZ359835,India
MZ359840,India
MZ359839,India
MZ359834,India
MZ359831,India
MZ359832,India
MZ359833,India
MZ359892,India
MZ359890,India
MZ359841,India
MZ359891,India
MZ359881,India
MZ359879,India
MZ359878,India
MZ359882,India
MZ359880,India
MZ359877,India
MZ359875,India
MZ359851,India
MZ359846,India
MZ359844,India
MZ359845,India
MZ363839,India
MZ363840,India
MZ363836,India
MZ363837,India
MZ363833,India
MZ363832,India
MZ363910,India
MZ363834,India
MZ363859,India
MZ363855,India
MZ363856,India
MZ363858,India
MZ363865,India
MZ363866,India
MZ363864,India
MZ363863,India
MZ363887,India
MZ363888,India
MZ363847,India
MZ363848,India
MZ363889,India
MZ363890,India
MZ363892,India
MZ363891,India
MZ363894,India
MZ363893,India
MZ363912,India
MZ356900,India
MZ356525,India
MZ356524,India
MZ356523,India
MZ356522,India
MZ356526,India
MZ356527,India
MZ356531,India
MZ356530,India
MZ356529,India
MZ356528,India
MZ356534,India
MZ356533,India
MZ356532,India
MZ356896,India
MZ356895,India
MZ356899,India
MZ356898,India
MZ356897,India
MZ342808,India
MZ342807,India
MZ342809,India
MZ342806,India
MZ342810,India
MZ342815,India
MZ342811,India
MZ356565,India
MZ340510,India
MZ340509,India
MZ340508,India
MZ340506,India
MZ340507,India
MZ325261,India
MZ325260,India
MZ340518,India
MZ340512,India
MZ340511,India
MZ340513,India
MZ340521,India
MZ340522,India
MZ340519,India
MZ340520,India
MZ340524,India
MZ340527,India
MZ340523,India
MZ325845,India
MZ325421,India
MZ325393,India
MZ325380,India
MZ325301,India
MZ340537,India
MZ340535,India
MZ340525,India
MZ332517,India
MZ332522,India
MZ332526,India
MZ325844,India
MZ340526,India
MZ340499,India
MZ332528,India
MZ332527,India
MZ332524,India
MZ332523,India
MZ332525,India
MZ325346,India
MZ325302,India
MZ350188,India
MZ343477,India
MZ340539,India
MZ340533,India
MZ340532,India
MZ340528,India
MZ340529,India
MZ325378,India
MZ325379,India
MZ325344,India
MZ325343,India
MZ340540,India
MZ340536,India
MZ340531,India
MZ340504,India
MZ340505,India
MZ340498,India
MZ340500,India
MZ340501,India
MZ340502,India
MZ356566,India
MZ340542,India
MZ340543,India
MZ340541,India
MZ356567,India
MZ340546,India
MZ343392,India
MZ340583,India
MZ340545,India
MZ342959,India
MZ340581,India
MZ340580,India
MZ356904,India
MZ342889,India
MZ342886,India
MZ342888,India
MZ340636,India
MZ340635,India
MZ340630,India
MZ356901,India
MZ340639,India
MZ340588,India
MZ340584,India
MZ356903,India
MZ356902,India
MZ340634,India
MZ340632,India
MZ340629,India
MZ340628,India
MZ340625,India
MZ340589,India
MZ340587,India
MZ342891,India
MZ342591,India
MZ342589,India
MZ342588,India
MZ342580,India
MZ340633,India
MZ342898,India
MZ342892,India
MZ342595,India
MZ342594,India
MZ342593,India
MZ342590,India
MZ342592,India
MZ342816,India
MZ342748,India
MZ342660,India
MZ342897,India
MZ342896,India
MZ342887,India
MZ342817,India
MZ342814,India
MZ342902,India
MZ336026,India
MZ315011,India
MZ315012,India
MZ317908,India
MZ317892,India
MZ317893,India
MZ317891,India
MZ317890,India
MZ317907,India
MZ317906,India
MZ317894,India
MZ317905,India
MZ317916,India
MZ317915,India
MZ317918,India
MZ317919,India
MZ318038,India
MZ318037,India
MZ317920,India
MZ317921,India
MZ317922,India
MZ317917,India
MZ314690,India
MZ314689,India
MZ314688,India
MZ314695,India
MZ314696,India
MZ314691,India
MZ314692,India
MZ314693,India
MZ315008,India
MZ315005,India
MZ314979,India
MZ314980,India
MZ314977,India
MZ314965,India
MZ314964,India
MZ314938,India
MZ314701,India
MZ314702,India
MZ314700,India
MZ314697,India
MZ318378,India
MZ318364,India
MZ318365,India
MZ318366,India
MZ318357,India
MZ318359,India
MZ318358,India
MZ318284,India
MZ318283,India
MZ318282,India
MZ318279,India
MZ318426,India
MZ318277,India
MZ318270,India
MZ318271,India
MZ318267,India
MZ318268,India
MZ318253,India
MZ318255,India
MZ318254,India
MZ318246,India
MZ318245,India
MZ318244,India
MZ318201,India
MZ318202,India
MZ318243,India
MZ318160,India
MZ318159,India
MZ318161,India
MZ318383,India
MZ318377,India
MZ305060,India
MZ310511,India
MZ310510,India
MZ310579,India
MZ310512,India
MZ305017,India
MZ310507,India
MZ292792,India
MZ292758,India
MZ310508,India
MZ310509,India
MZ310588,India
MZ310589,India
MZ310580,India
MZ310587,India
MZ310591,India
MZ310590,India
MZ292131,India
MZ292130,India
MZ292129,India
MZ292128,India
MZ292126,India
MZ292127,India
MZ292134,India
MZ292133,India
MZ292132,India
MZ292146,India
MZ292145,India
MZ292137,India
MZ292138,India
MZ292135,India
MZ292136,India
MZ292155,India
MZ292152,India
MZ292153,India
MZ292154,India
MZ292150,India
MZ292151,India
MZ292148,India
MZ292147,India
MZ292157,India
MZ292158,India
MZ292094,India
MZ268630,India
MZ268631,India
MZ268627,India
MZ268626,India
MZ268620,India
MZ268619,India
MZ268601,India
MZ268603,India
MZ268602,India
MZ267530,India
MZ267529,India
MZ268600,India
MZ267528,India
MZ268636,India
MZ268634,India
MZ268635,India
MZ268629,India
MZ268208,India
MZ268209,India
MZ268642,India
MZ268641,India
MZ268599,India
MZ268643,India
MZ268644,India
MZ268637,India
MZ268638,India
MZ269074,India
MZ269072,India
MZ268850,India
MZ268819,India
MZ269079,India
MZ269146,India
MZ269263,India
MZ227612,India
MZ227545,India
MZ227582,India
MZ261819,India
MZ261812,India
MZ266572,India
MZ261834,India
MZ261822,India
MZ262300,India
MZ262297,India
MZ262295,India
MZ262296,India
MZ262291,India
MZ262293,India
MZ261927,India
MZ261914,India
MZ261895,India
MZ262298,India
MZ262304,India
MZ262301,India
MZ262306,India
MZ262303,India
MZ266569,India
MZ266567,India
MZ262323,India
MZ262322,India
MZ266543,India
MZ266551,India
MZ266547,India
MZ266568,India
MZ266565,India
MZ266553,India
MZ266554,India
MZ262332,India
MZ261734,India
MZ261729,India
MZ261728,India
MZ261726,India
MZ261699,India
MZ254992,India
MZ254991,India
MZ254987,India
MZ254908,India
MZ254905,India
MZ254903,India
MZ254902,India
MZ254901,India
MZ262334,India
MZ262335,India
MZ262333,India
MZ255058,India
MZ255008,India
MZ255007,India
MZ261635,India
MZ256065,India
MZ254899,India
MZ254877,India
MZ254876,India
MZ254875,India
MZ254770,India
MZ254771,India
MZ254772,India
MZ254774,India
MZ254787,India
MZ254838,India
MZ254837,India
MZ254839,India
MZ203530,India
MZ203529,India
MZ314976,India / Gujarat / Gandhinagar
MZ314937,India / Gujarat / Gandhinagar
MZ340530,India / Gujarat / Surat
MZ340538,India / Gujarat / Vadodara
MZ340585,India / Gujarat / Surat
MZ340582,India / Gujarat / Surat
MZ340534,India / Gujarat / Bharuch
MZ340544,India / Gujarat / Vadodara
MZ562753,India / Madhya Pradesh
MZ562752,India / Madhya Pradesh
MZ562758,India / Madhya Pradesh
MZ562754,India / Madhya Pradesh
MZ562755,India / Madhya Pradesh
MZ562757,India / Madhya Pradesh
MZ562759,India / Madhya Pradesh
MZ562756,India / Madhya Pradesh
MZ562760,India / Madhya Pradesh
MZ562761,India / Madhya Pradesh
MZ562762,India / Madhya Pradesh
MZ562751,India / Madhya Pradesh
MZ562746,India / Madhya Pradesh
MZ562747,India / Madhya Pradesh
MZ562749,India / Madhya Pradesh
MZ562748,India / Madhya Pradesh
MZ562750,India / Madhya Pradesh
MZ724425,India / Delhi
MZ724423,India / Delhi
MZ724421,India / Delhi
MZ724418,India / Delhi
MZ724415,India / Delhi
MZ724422,India / Delhi
MZ724419,India / Delhi
MZ724414,India / Delhi
MZ724420,India / Delhi
MZ149976,India / Assam
MZ149975,India / Assam
MZ149962,India / Assam
MZ149959,India / Assam
MZ149968,India / Assam
MZ149967,India / Assam
MZ149963,India / Assam
MZ149961,India / Assam
MZ149966,India / Assam
MZ149973,India / Assam
MZ149965,India / Assam
MZ149964,India / Assam
MZ149960,India / Assam
MZ149974,India / Assam
MZ269092,India / Gujarat / Vadodara
MZ269242,India / Gujarat / Surat
MZ269224,India / Gujarat / Vadodara
MZ269225,India / Gujarat / Vadodara
MZ269147,India / Gujarat / Vadodara
MZ269101,India / Gujarat / Vadodara
MZ269100,India / Gujarat / Vadodara
MZ269095,India / Gujarat / Vadodara
MZ269094,India / Gujarat / Vadodara
MZ269093,India / Gujarat / Vadodara
OM169298,India / West Bengal
MW828341,India
MW819940,India
MW819642,India
MW819619,India
MW812293,India
OM073973,India / Karnataka
OM073972,India / Karnataka
OM073971,India / Karnataka
OM073970,India / Karnataka
OM073969,India / Karnataka
OM073968,India / Karnataka
MW699630,India / Assam
MW699629,India / Assam
MW699628,India / Assam
MW699627,India / Assam
MW648381,India / Assam
MW648380,India / Assam
MW648379,India / Assam
OM073887,India / Karnataka
OM073884,India / Karnataka
OM073966,India / Karnataka
OM073965,India / Karnataka
OM073964,India / Karnataka
OM073963,India / Karnataka
OM073962,India / Karnataka
OM073961,India / Karnataka
OM073960,India / Karnataka
OM073959,India / Karnataka
OM073958,India / Karnataka
OM073957,India / Karnataka
OM073956,India / Karnataka
OM073955,India / Karnataka
OM073954,India / Karnataka
OM073953,India / Karnataka
OM073916,India / Karnataka
OM073952,India / Karnataka
OM073951,India / Karnataka
OM073950,India / Karnataka
OM073949,India / Karnataka
OM073948,India / Karnataka
OM073947,India / Karnataka
OM073946,India / Karnataka
OM073945,India / Karnataka
OM073944,India / Karnataka
OM073943,India / Karnataka
OM073942,India / Karnataka
OM073941,India / Karnataka
OM073940,India / Karnataka
OM073939,India / Karnataka
OM073938,India / Karnataka
OM073937,India / Karnataka
OM073936,India / Karnataka
OM073935,India / Karnataka
OM073934,India / Karnataka
OM073933,India / Karnataka
OM073932,India / Karnataka
OM073931,India / Karnataka
OM073930,India / Karnataka
OM073967,India / Karnataka
OM073929,India / Karnataka
OM073928,India / Karnataka
OM073927,India / Karnataka
OM073926,India / Karnataka
OM073925,India / Karnataka
OM073924,India / Karnataka
OM073923,India / Karnataka
OM073922,India / Karnataka
OM073921,India / Karnataka
OM073920,India / Karnataka
OM073919,India / Karnataka
OM073918,India / Karnataka
OM073917,India / Karnataka
OM073902,India / Karnataka
OM073901,India / Karnataka
OM073859,India / Karnataka
OM073915,India / Karnataka
OM073914,India / Karnataka
OM073913,India / Karnataka
OM073912,India / Karnataka
OM073911,India / Karnataka
OM073910,India / Karnataka
OM073909,India / Karnataka
OM073908,India / Karnataka
OM073907,India / Karnataka
OM073906,India / Karnataka
OM073905,India / Karnataka
OM073904,India / Karnataka
OM073903,India / Karnataka
OM073900,India / Karnataka
OM073899,India / Karnataka
OM073898,India / Karnataka
OM073897,India / Karnataka
OM073896,India / Karnataka
OM073895,India / Karnataka
OM073894,India / Karnataka
OM073893,India / Karnataka
OM073892,India / Karnataka
OM073891,India / Karnataka
OM073890,India / Karnataka
OM073889,India / Karnataka
OM073888,India / Karnataka
OM073886,India / Karnataka
OM073885,India / Karnataka
OM073883,India / Karnataka
OM073882,India / Karnataka
OM073881,India / Karnataka
OM073880,India / Karnataka
OM073879,India / Karnataka
MT434757.2,India
MT396248.2,India
MT396247.2,India
MT396246.2,India
MT396245.2,India
MT396244.2,India
MT396243.2,India
MT396242.2,India
MW181838.2,India / Karnataka
MW193966.2,India / Karnataka
MW181831.2,India / Karnataka
MW193967.2,India / Karnataka
MW181809,India / Karnataka
MW181800,India / Karnataka
MW181797,India / Karnataka
MW181825,India / Karnataka
MW181816,India / Karnataka
MW191499,India / Karnataka
MW191498,India / Karnataka
MW596237,India / Ahmedabad
MW595999,India / Ahmedabad
MW595997,India / Ahmedabad
MW595991,India / Ahmedabad
MW595982,India / Vadodara
MW595950,India / Vadodara
MW555786,India
MW555597,India
MW555595,India
MW555576,India
MW555334,India
MW555325,India
MW555320,India
MW555317,India
MW555280,India
MW555598,India
OM073878,India / Karnataka
OM073877,India / Karnataka
OM073876,India / Karnataka
OM073875,India / Karnataka
OM073874,India / Karnataka
OM073873,India / Karnataka
OM073872,India / Karnataka
OM073871,India / Karnataka
OM073870,India / Karnataka
OM073869,India / Karnataka
OM073868,India / Karnataka
OM073867,India / Karnataka
OM073866,India / Karnataka
OM073865,India / Karnataka
OM073864,India / Karnataka
OM073863,India / Karnataka
OM073862,India / Karnataka
OM073861,India / Karnataka
OM073860,India / Karnataka
OM073858,India / Karnataka
OM073857,India / Karnataka
OM073856,India / Karnataka
OM073855,India / Karnataka
OM073854,India / Karnataka
OM073853,India / Karnataka
OM073852,India / Karnataka
OM073851,India / Karnataka
OM073850,India / Karnataka
OM073849,India / Karnataka
OM073848,India / Karnataka
OM073847,India / Karnataka
OM073846,India / Karnataka
OM073845,India / Karnataka
OM073844,India / Karnataka
OM073843,India / Karnataka
OM073842,India / Karnataka
OM073841,India / Karnataka
OM073840,India / Karnataka
OM073839,India / Karnataka
OM073838,India / Karnataka
OM073837,India / Karnataka
OM073836,India / Karnataka
OM073835,India / Karnataka
OM073834,India / Karnataka
OM073833,India / Karnataka
OM073832,India / Karnataka
OM073831,India / Karnataka
OM073830,India / Karnataka
OM073829,India / Karnataka
OM073828,India / Karnataka
OM073827,India / Karnataka
OM073826,India / Karnataka
MW600654,India / Gujarat / Ahmedabad
MW600463,India / Gujarat / Vadodara
MW600461,India / Gujarat / Vadodara
MW600456,India / Gujarat / Ahmedabad
MW600455,India / Gujarat / Ahmedabad
MW600453,India / Gujarat / Vadodara
MW600436,India / Gujarat / Vadodara
MW600627,India / Gujarat / Vadodara
MW600363,India / Gujarat / Vadodara
MW596415,India / Gujarat / Vadodara
MW595949,India / Gujarat / Diu
MW595917,India / Gujarat / Diu
MW595919,India / Gujarat / Anand
MW595923,India / Gujarat / Anand
MW595920,India / Gujarat / Bharuch
MW595918,India / Gujarat / Ahmedabad
MW595948,India / Gujarat / Ahmedabad
MW595912,India / Gujarat / Ahmedabad
MW595916,India / Gujarat / Ahmedabad
MW595915,India / Gujarat / Ahmedabad
MW595914,India / Gujarat / Ahmedabad
MW595911,India / Gujarat / Ahmedabad
MW590723,India / Gujarat / Ahmedabad
MW590718,India / Gujarat / Ahmedabad
OM073821,India / Karnataka
OM073822,India / Karnataka
OM073818,India / Karnataka
OM073816,India / Karnataka
OM073810,India / Karnataka
OM073825,India / Karnataka
OM073820,India / Karnataka
OM073814,India / Karnataka
OM073823,India / Karnataka
OM073824,India / Karnataka
OM073817,India / Karnataka
OM073812,India / Karnataka
OM073819,India / Karnataka
OM073811,India / Karnataka
OM073813,India / Karnataka
MW645473,India / Maharashtra / Mumbai
MW645477,India / Maharashtra / Mumbai
MW645476,India / Maharashtra / Mumbai
MW645475,India / Maharashtra / Mumbai
MW645474,India / Maharashtra / Mumbai
MW425837,India
MW425563,India
OM073815,India / Karnataka
MW368700,India / Gujarat / Jamkhambhaliya
MW242653,India / Gujarat / Dahod
MW191500,India
MW181824,India
MW181798,India
MW243003,India / Gujarat / Ahmedabad
MW242999,India / Gujarat / Ahmedabad
MW243586,India / Gujarat / Mehsana
MW243587,India / Gujarat / Mehsana
MW242965,India / Gujarat / Mangrol
MW242964,India / Gujarat / Mangrol
MW242962,India / Gujarat / Junagadh
MW242963,India / Gujarat / Mangrol
MW242961,India / Gujarat / Mangrol
MW242960,India / Gujarat / Kodinar
MW242950,India / Gujarat / Kodinar
MW242786,India / Gujarat / Sutrapada
MW242781,India / Gujarat / Sutrapada
MW242780,India / Gujarat / Una
MW242779,India / Gujarat / Talala
MW242778,India / Gujarat / Talala
MW242708,India / Gujarat / Veraval
MW242706,India / Gujarat / Veraval
MW242705,India / Gujarat / Sutrapada
MW242704,India / Gujarat / Sutrapada
MW242692,India / Gujarat / Sutrapada
MW242691,India / Gujarat / Sutrapada
MW242689,India / Gujarat / Godhra
MW242670,India / Gujarat / Godhra
MW242671,India / Gujarat / Kalyanpur
MW242666,India / Gujarat / Kalyanpur
MW242663,India / Gujarat / Dahod
MW242647,India / Gujarat / Fatepura
MW173298,India / Gujarat / Limkheda
MW173254,India / Gujarat / Bodeli
MW173253,India / Gujarat / Bodeli
MW173252,India / Gujarat / Bodeli
MW173250,India / Gujarat / Bodeli
MW173245,India / Gujarat / Bodeli
MW173463,India / Gujarat / Ahmedabad
MW173460,India / Gujarat / Ahmedabad
MW167112,India / Gujarat / Ahmedabad
MW167078,India / Gujarat / Ahmedabad
MW166864,India / Gujarat / Ahmedabad
MW166349,India / Gujarat / Ahmedabad
MW166221,India / Gujarat / Ahmedabad
MW166214,India / Gujarat / Ahmedabad
MW165885,India / Gujarat / Ahmedabad
MW165876,India / Gujarat / Ahmedabad
MW165873,India / Gujarat / Ahmedabad
MW165872,India / Gujarat / Ahmedabad
MW165869,India / Gujarat / Ahmedabad
MW165865,India / Gujarat / Ahmedabad
MW165862,India / Gujarat / Daskroi
MW165861,India / Gujarat / Daskroi
MW165857,India / Gujarat / Ahmedabad
MW165854,India / Gujarat / Ahmedabad
MT965769,India / Ahmedabad
MT965767,India / Modasa
MT955354,India / Ahmedabad
MT955347,India / Siddhpur
MT955326,India / Patan
MT955114,India / Patan
MT954971,India / Patan
MT954959,India / Patan
MT954922,India / Gandhinagar
MT954921,India / Gandhinagar
MT954593,India / Patan
MT954416,India / Patan
MT954414,India / Patan
MT954103,India / Patan
MT954072,India / Patan
MT954071,India / Patan
MT954069,India / Patan
MT954067,India / Patan
MT954065,India / Jamnagar
MT954060,India / Jamnagar
MT953996,India / Jamnagar
MT953991,India / Gandhinagar
MT953984,India / Gandhinagar
MT953981,India / Gandhinagar
MT953980,India / Gandhinagar
MT953978,India / Ahmedabad
MT953925,India / Gandhinagar
MT953895,India / Mansa
MT953894,India / Gandhinagar
MT953893,India / Khambhaliya
MT953891,India / Khambhaliya
MT953890,India / Patan
MT953887,India / Patan
MT953877,India / Vadodara
MT953876,India / Vadodara
MT953875,India / Ahmedabad
MT953874,India / Ahmedabad
MT953868,India / Ahmedabad
MT951393,India / Dahegam
MT951392,India / Dahegam
MT951208,India / Daskroi
MT951181,India / Ahmedabad
MT951177,India / Dhandhuka
MT951170,India / Dhandhuka
MT951157,India / Daskroi
MT950761,India / Daskroi
MT950725,India / Ahmedabad
MT950684,India / Ahmedabad
MT950532,India / Ahmedabad
MT416726.2,India
MT416725.2,India
MW181801,India / Karnataka
MW181796,India / Karnataka
MW181792,India / Karnataka
MW181791,India / Karnataka
MW181848,India / Karnataka
MW181847,India / Karnataka
MW181846,India / Karnataka
MW181845,India / Karnataka
MW181844,India / Karnataka
MW181843,India / Karnataka
MW191512,India / Karnataka
MW191511,India / Karnataka
MW181842,India / Karnataka
MW191510,India / Karnataka
MW191509,India / Karnataka
MW181841,India / Karnataka
MW181836,India / Karnataka
MW181835,India / Karnataka
MW181834,India / Karnataka
MW181832,India / Karnataka
MW181830,India / Karnataka
MW191506,India / Karnataka
MW181829,India / Karnataka
MW181828,India / Karnataka
MW191504,India / Karnataka
MW191503,India / Karnataka
MW181827,India / Karnataka
MW181822,India / Karnataka
MW181821,India / Karnataka
MW181819,India / Karnataka
MW181818,India / Karnataka
MW181813,India / Karnataka
MW181812,India / Karnataka
MW181806,India / Karnataka
MW181804,India / Karnataka
MW181802,India / Karnataka
MW191502,India / Karnataka
MW191501,India / Karnataka
MW181799,India / Karnataka
MW181795,India / Karnataka
MW181794,India / Karnataka
MW181793,India / Karnataka
MW181790,India / Karnataka
MW191497,India / Karnataka
MT050492,India / Kerala State
MT050491,India / Kerala State
MT808071,India / Vadodara
MT806104,India / Surat
MT799991,India / Surat
MT798849,India
MT798848,India
MT796265,India
MT796264,India
MW181807,India / Karnataka
MW181840,India / Karnataka
MW181837,India / Karnataka
MW191508,India / Karnataka
MW191507,India / Karnataka
MW191505,India / Karnataka
MW181823,India / Karnataka
MW181820,India / Karnataka
MW181811,India / Karnataka
MW181810,India / Karnataka
MW181808,India / Karnataka
MW181803,India / Karnataka
MW181839,India / Karnataka
MW181817,India / Karnataka
MW181805,India / Karnataka
MT477885,India
MT457403,India / Hyderabad
MT434760,India
MT434759,India
MT434758,India
MT429168,India / Assam / Golaghat
MT415321,India
MT358637,India / Gujarat
MT163715,India
